11 16 21 28 37 19 - 22 Aug 26
4 12 18 34 36 13 - 19 Aug 26
6 8 17 18 31 19 - 15 Aug 26
3 4 14 35 40 20 - 12 Aug 26
1 23 25 40 46 11 - 08 Aug 26
2 4 9 13 20 5 - 05 Aug 26
29 30 37 41 44 18 - 01 Aug 26
5 13 19 22 27 7 - 29 Jul 26
3 27 28 29 34 12 - 25 Jul 26
5 16 29 30 35 17 - 22 Jul 26
2 3 10 27 37 7 - 18 Jul 26
2 5 34 36 37 3 - 15 Jul 26
1 4 21 36 44 20 - 11 Jul 26
18 22 28 33 38 15 - 08 Jul 26
11 18 21 23 38 10 - 04 Jul 26
2 17 24 31 35 5 - 01 Jul 26
16 21 22 25 34 27 - 27 Jun 26
14 19 23 32 39 17 - 24 Jun 26
4 7 20 33 43 21 - 20 Jun 26
4 6 22 23 40 6 - 17 Jun 26
12 14 38 41 43 13 - 13 Jun 26
3 16 22 29 42 5 - 10 Jun 26
5 8 10 22 45 4 - 06 Jun 26
3 15 17 36 41 13 - 03 Jun 26
1 2 22 26 27 21 - 30 May 26
3 8 36 45 46 6 - 27 May 26
10 15 18 27 33 16 - 23 May 26
1 9 17 34 38 20 - 20 May 26
14 30 39 40 46 1 - 16 May 26
7 14 30 31 46 8 - 13 May 26
12 18 24 25 43 4 - 09 May 26
1 3 10 25 46 11 - 06 May 26
14 20 23 38 44 20 - 02 May 26
5 14 25 30 39 5 - 29 Apr 26
1 6 8 23 38 22 - 25 Apr 26
1 3 23 31 45 16 - 22 Apr 26
4 22 27 43 45 17 - 18 Apr 26
1 5 7 33 45 10 - 15 Apr 26
1 21 22 23 39 13 - 11 Apr 26
6 10 21 30 38 9 - 08 Apr 26
3 6 14 34 43 14 - 04 Apr 26
11 20 23 38 44 25 - 01 Apr 26
4 31 33 41 43 25 - 28 Mar 26
14 21 33 38 45 6 - 25 Mar 26
5 23 32 38 41 2 - 21 Mar 26
1 26 35 40 46 26 - 18 Mar 26
10 15 16 21 33 6 - 14 Mar 26
15 17 25 29 45 11 - 11 Mar 26
2 22 34 35 44 3 - 07 Mar 26
7 8 32 43 47 3 - 04 Mar 26
8 11 22 37 46 24 - 28 Feb 26
6 40 41 44 45 12 - 25 Feb 26
1 19 24 38 46 3 - 21 Feb 26
8 9 22 33 44 24 - 18 Feb 26
5 13 14 26 42 20 - 14 Feb 26
3 5 7 8 46 17 - 11 Feb 26
4 19 22 33 43 12 - 07 Feb 26
2 15 17 22 38 18 - 04 Feb 26
6 24 29 32 41 13 - 31 Jan 26
3 6 14 26 38 2 - 28 Jan 26
6 14 15 33 37 14 - 24 Jan 26
4 18 20 23 39 3 - 21 Jan 26
4 13 22 29 39 26 - 17 Jan 26
10 13 18 20 40 15 - 14 Jan 26
1 4 14 17 32 17 - 10 Jan 26
6 16 17 27 42 13 - 07 Jan 26
5 35 37 42 46 24 - 03 Jan 26
5 10 13 22 33 25 - 31 Dec 25
6 9 33 37 40 22 - 27 Dec 25
9 14 21 42 43 24 - 24 Dec 25
1 13 22 31 37 18 - 20 Dec 25
1 3 4 17 40 9 - 17 Dec 25
7 16 17 33 35 21 - 13 Dec 25
10 19 30 33 42 14 - 10 Dec 25
6 10 30 42 43 19 - 06 Dec 25
4 11 19 23 24 27 - 03 Dec 25
20 21 22 32 43 12 - 29 Nov 25
11 15 18 33 35 3 - 26 Nov 25
1 2 4 15 44 23 - 22 Nov 25
3 16 28 38 43 4 - 19 Nov 25
8 9 15 24 43 24 - 15 Nov 25
12 18 22 37 40 5 - 12 Nov 25
12 26 30 38 42 4 - 08 Nov 25
7 8 32 41 45 9 - 05 Nov 25
10 13 21 30 42 15 - 01 Nov 25
1 9 16 21 37 19 - 29 Oct 25
4 8 15 18 20 14 - 25 Oct 25
3 17 20 25 37 2 - 22 Oct 25
2 4 25 26 43 26 - 18 Oct 25
2 18 21 31 39 4 - 15 Oct 25
3 13 27 32 39 4 - 11 Oct 25
16 26 27 35 43 2 - 08 Oct 25
1 3 27 29 39 8 - 04 Oct 25
4 12 19 32 46 24 - 01 Oct 25
6 9 10 30 40 27 - 27 Sep 25
23 26 30 39 42 13 - 24 Sep 25
7 19 20 21 23 12 - 20 Sep 25
5 16 24 31 46 27 - 17 Sep 25
5 11 12 20 39 21 - 13 Sep 25
17 19 36 37 39 1 - 10 Sep 25
1 14 18 20 32 6 - 06 Sep 25
2 5 27 30 43 27 - 03 Sep 25
3 9 20 23 38 1 - 30 Aug 25
8 18 28 29 35 13 - 27 Aug 25
1 5 15 18 33 21 - 23 Aug 25
5 20 26 30 47 26 - 20 Aug 25
10 12 19 33 36 6 - 16 Aug 25
12 15 21 26 36 11 - 13 Aug 25
3 10 14 17 43 4 - 09 Aug 25
1 15 28 30 35 19 - 06 Aug 25
3 11 12 18 46 12 - 02 Aug 25
12 14 32 35 47 7 - 30 Jul 25
2 10 29 32 37 26 - 26 Jul 25
9 10 34 42 45 14 - 23 Jul 25
4 18 19 33 43 20 - 19 Jul 25
4 6 8 31 46 22 - 16 Jul 25
4 7 10 36 46 26 - 12 Jul 25
14 18 29 37 44 21 - 09 Jul 25
7 13 20 35 44 8 - 05 Jul 25
6 9 11 20 30 14 - 02 Jul 25
3 16 27 30 33 13 - 28 Jun 25
12 13 23 39 42 24 - 25 Jun 25
14 19 31 45 47 11 - 21 Jun 25
20 29 33 40 41 6 - 18 Jun 25
7 8 30 35 39 4 - 14 Jun 25
4 12 27 28 42 17 - 11 Jun 25
16 24 38 40 45 7 - 07 Jun 25
4 12 16 18 34 24 - 04 Jun 25
3 14 29 33 47 17 - 31 May 25
8 12 18 34 45 9 - 28 May 25
3 4 5 7 35 17 - 24 May 25
20 22 28 29 45 18 - 21 May 25
11 17 18 40 44 24 - 17 May 25
6 19 39 42 46 8 - 14 May 25
7 10 11 21 32 5 - 10 May 25
8 23 38 40 41 1 - 07 May 25
3 19 30 39 46 22 - 03 May 25
1 2 7 11 37 16 - 30 Apr 25
8 31 33 35 42 6 - 26 Apr 25
19 27 29 40 45 9 - 23 Apr 25
8 24 41 45 46 27 - 19 Apr 25
12 19 23 33 41 4 - 16 Apr 25
6 8 10 32 34 5 - 12 Apr 25
7 21 26 37 44 13 - 09 Apr 25
3 4 14 21 46 10 - 05 Apr 25
3 11 14 27 37 22 - 02 Apr 25
1 3 8 14 19 9 - 29 Mar 25
1 13 26 30 33 26 - 26 Mar 25
9 24 27 33 40 19 - 22 Mar 25
15 22 24 35 38 22 - 19 Mar 25
11 13 18 21 44 27 - 15 Mar 25
15 21 29 37 45 3 - 12 Mar 25
8 9 33 45 46 22 - 08 Mar 25
3 13 17 23 35 24 - 05 Mar 25
1 18 26 32 44 9 - 01 Mar 25
7 8 13 28 33 20 - 26 Feb 25
2 22 33 42 44 5 - 22 Feb 25
1 4 12 15 28 15 - 19 Feb 25
1 9 26 29 47 20 - 15 Feb 25
13 20 22 27 35 17 - 12 Feb 25
2 6 27 41 47 25 - 08 Feb 25
15 20 30 36 46 3 - 05 Feb 25
3 12 16 22 43 2 - 01 Feb 25
6 21 24 33 37 7 - 29 Jan 25
13 20 25 32 35 21 - 25 Jan 25
1 3 12 16 30 26 - 22 Jan 25
4 7 8 28 33 7 - 18 Jan 25
8 14 16 21 28 10 - 15 Jan 25
4 26 31 40 41 11 - 11 Jan 25
13 33 35 36 38 12 - 08 Jan 25
7 18 37 42 43 15 - 04 Jan 25
11 12 16 25 35 20 - 01 Jan 25
6 14 22 28 35 24 - 28 Dec 24
5 20 23 24 36 9 - 25 Dec 24
3 6 27 33 37 2 - 21 Dec 24
4 5 17 19 47 6 - 18 Dec 24
9 10 17 33 45 8 - 14 Dec 24
11 19 24 38 41 26 - 11 Dec 24
6 7 17 19 44 4 - 07 Dec 24
5 21 26 33 42 7 - 04 Dec 24
10 13 23 29 37 17 - 30 Nov 24
3 5 15 16 42 24 - 27 Nov 24
3 7 16 39 40 1 - 23 Nov 24
2 24 26 30 41 10 - 20 Nov 24
2 11 15 25 43 16 - 16 Nov 24
4 18 36 40 44 20 - 13 Nov 24
14 15 33 38 39 11 - 09 Nov 24
19 30 32 41 44 2 - 06 Nov 24
6 11 13 24 39 19 - 02 Nov 24
3 13 23 36 41 13 - 30 Oct 24
2 8 10 36 46 3 - 26 Oct 24
7 13 19 38 46 17 - 23 Oct 24
12 29 31 37 46 24 - 19 Oct 24
18 25 31 38 39 14 - 16 Oct 24
8 15 17 18 19 8 - 12 Oct 24
2 28 39 41 42 4 - 09 Oct 24
2 8 17 33 47 3 - 05 Oct 24
2 6 10 13 16 17 - 02 Oct 24
3 7 8 16 32 15 - 28 Sep 24
5 9 16 25 46 11 - 25 Sep 24
1 8 26 27 35 10 - 21 Sep 24
14 19 29 30 47 24 - 18 Sep 24
8 13 28 30 47 2 - 14 Sep 24
1 7 9 25 37 6 - 11 Sep 24
1 29 30 35 37 18 - 07 Sep 24
10 30 32 39 42 15 - 04 Sep 24
32 37 40 42 43 5 - 31 Aug 24
15 27 28 31 47 20 - 28 Aug 24
15 20 23 24 46 9 - 24 Aug 24
17 22 27 42 43 8 - 21 Aug 24
8 12 15 21 32 27 - 17 Aug 24
3 6 17 42 45 20 - 14 Aug 24
9 21 32 34 42 15 - 10 Aug 24
3 19 20 29 34 10 - 07 Aug 24
3 4 28 40 44 19 - 03 Aug 24
2 12 13 43 47 15 - 31 Jul 24
17 22 24 26 27 22 - 27 Jul 24
8 11 25 28 47 11 - 24 Jul 24
11 13 14 15 46 5 - 20 Jul 24
5 14 23 24 29 4 - 17 Jul 24
1 18 25 27 31 5 - 13 Jul 24
5 9 13 17 30 25 - 10 Jul 24
8 11 17 27 31 21 - 06 Jul 24
16 22 25 32 39 26 - 03 Jul 24
8 10 12 21 25 16 - 29 Jun 24
5 16 23 35 46 26 - 26 Jun 24
7 36 37 38 43 8 - 22 Jun 24
22 23 32 38 41 25 - 19 Jun 24
6 8 12 24 31 13 - 15 Jun 24
18 25 30 40 44 23 - 12 Jun 24
1 7 27 30 40 6 - 08 Jun 24
7 18 21 27 34 4 - 05 Jun 24
3 10 12 17 21 16 - 01 Jun 24
4 19 21 25 37 26 - 29 May 24
6 8 18 19 33 3 - 25 May 24
2 6 13 23 32 10 - 22 May 24
25 27 32 35 37 22 - 18 May 24
19 30 39 41 42 2 - 15 May 24
2 10 23 30 34 5 - 11 May 24
2 3 26 32 33 23 - 08 May 24
5 12 24 32 43 5 - 04 May 24
9 22 35 42 43 20 - 01 May 24
6 7 16 17 37 1 - 27 Apr 24
13 14 27 38 45 23 - 24 Apr 24
3 4 5 13 29 20 - 20 Apr 24
8 28 31 33 46 17 - 17 Apr 24
7 13 22 33 38 3 - 13 Apr 24
4 16 20 30 33 19 - 10 Apr 24
2 25 26 30 32 21 - 06 Apr 24
3 5 17 33 44 17 - 03 Apr 24
6 16 18 24 26 16 - 30 Mar 24
6 8 14 26 42 22 - 27 Mar 24
10 12 13 28 30 20 - 23 Mar 24
1 12 28 39 46 3 - 20 Mar 24
9 12 29 32 38 26 - 16 Mar 24
5 8 15 43 46 25 - 13 Mar 24
4 7 13 22 46 18 - 09 Mar 24
18 21 36 37 45 15 - 06 Mar 24
1 7 12 40 41 18 - 02 Mar 24
13 20 35 38 39 10 - 28 Feb 24
1 2 37 40 42 5 - 24 Feb 24
1 10 17 34 45 14 - 21 Feb 24
1 3 7 46 47 4 - 17 Feb 24
10 14 28 33 47 9 - 14 Feb 24
8 19 29 39 40 2 - 10 Feb 24
25 34 39 42 45 22 - 07 Feb 24
2 12 18 20 44 4 - 03 Feb 24
33 35 36 38 40 27 - 31 Jan 24
1 6 36 39 47 24 - 27 Jan 24
6 19 36 41 44 11 - 24 Jan 24
8 11 16 30 40 4 - 20 Jan 24
2 7 31 33 46 20 - 17 Jan 24
1 2 23 41 44 17 - 13 Jan 24
12 22 31 37 39 7 - 10 Jan 24
5 13 31 38 47 7 - 06 Jan 24
3 10 16 21 29 1 - 03 Jan 24
6 14 24 28 40 21 - 30 Dec 23
1 3 11 16 27 24 - 27 Dec 23
12 13 17 36 40 20 - 23 Dec 23
6 7 10 40 44 6 - 20 Dec 23
3 6 12 17 29 10 - 16 Dec 23
4 9 28 36 41 20 - 13 Dec 23
14 19 21 32 47 23 - 09 Dec 23
2 4 13 35 39 16 - 06 Dec 23
4 18 44 45 47 2 - 02 Dec 23
1 3 10 36 41 12 - 29 Nov 23
3 8 26 43 44 7 - 25 Nov 23
19 27 30 33 37 11 - 22 Nov 23
1 4 16 29 41 3 - 18 Nov 23
31 37 38 39 43 2 - 15 Nov 23
7 20 24 34 35 14 - 11 Nov 23
10 12 15 29 44 22 - 08 Nov 23
5 6 18 26 44 15 - 04 Nov 23
8 10 23 26 45 19 - 01 Nov 23
5 14 28 31 40 3 - 28 Oct 23
4 14 22 27 28 20 - 25 Oct 23
13 23 33 34 37 27 - 21 Oct 23
12 16 29 31 44 20 - 18 Oct 23
2 10 13 32 38 3 - 14 Oct 23
17 30 36 38 39 2 - 11 Oct 23
7 8 14 37 41 15 - 07 Oct 23
10 18 20 24 29 17 - 04 Oct 23
7 10 11 18 39 8 - 30 Sep 23
1 21 34 38 43 23 - 27 Sep 23
12 27 29 44 45 3 - 23 Sep 23
2 11 12 38 46 1 - 20 Sep 23
7 18 34 36 47 23 - 16 Sep 23
2 11 13 38 46 11 - 13 Sep 23
24 25 26 30 43 3 - 09 Sep 23
2 3 16 25 41 12 - 06 Sep 23
4 17 28 34 38 22 - 02 Sep 23
14 15 19 27 40 18 - 30 Aug 23
6 10 14 36 44 12 - 26 Aug 23
18 20 30 37 44 19 - 23 Aug 23
15 21 28 42 43 18 - 19 Aug 23
10 14 22 25 40 4 - 16 Aug 23
3 13 16 42 44 3 - 12 Aug 23
9 22 31 32 33 10 - 09 Aug 23
17 19 23 31 33 14 - 05 Aug 23
2 16 26 36 39 24 - 02 Aug 23
4 24 31 32 46 15 - 29 Jul 23
10 12 14 40 47 18 - 26 Jul 23
5 7 20 34 39 10 - 22 Jul 23
5 10 20 22 32 1 - 19 Jul 23
17 23 25 36 38 14 - 15 Jul 23
5 9 11 35 43 12 - 12 Jul 23
1 25 44 45 46 20 - 08 Jul 23
11 12 15 32 40 22 - 05 Jul 23
2 9 10 16 20 3 - 01 Jul 23
5 9 12 34 46 27 - 28 Jun 23
7 12 13 17 41 9 - 24 Jun 23
15 26 30 35 41 17 - 21 Jun 23
1 14 21 28 43 3 - 17 Jun 23
2 14 24 44 47 7 - 14 Jun 23
7 9 17 21 28 16 - 10 Jun 23
6 14 16 23 27 4 - 07 Jun 23
7 19 30 37 43 16 - 03 Jun 23
1 17 21 23 30 25 - 31 May 23
4 17 20 21 36 19 - 27 May 23
3 7 8 22 40 7 - 24 May 23
2 3 31 42 45 19 - 20 May 23
1 11 23 35 37 13 - 17 May 23
5 11 16 18 39 12 - 13 May 23
12 13 33 40 43 26 - 10 May 23
7 17 21 29 42 22 - 06 May 23
17 20 21 24 44 26 - 03 May 23
6 16 27 46 47 9 - 29 Apr 23
4 7 11 23 46 8 - 26 Apr 23
12 22 41 42 43 18 - 22 Apr 23
3 9 11 17 18 12 - 19 Apr 23
17 30 31 36 46 1 - 15 Apr 23
11 20 32 33 43 15 - 12 Apr 23
2 4 16 37 39 18 - 08 Apr 23
20 26 35 39 46 2 - 05 Apr 23
2 9 11 13 46 9 - 01 Apr 23
7 9 12 21 39 26 - 29 Mar 23
4 12 13 42 47 1 - 25 Mar 23
15 20 27 37 41 16 - 22 Mar 23
8 10 16 19 36 12 - 18 Mar 23
6 9 20 28 30 6 - 15 Mar 23
13 16 35 36 38 25 - 11 Mar 23
14 15 28 29 43 11 - 08 Mar 23
4 9 20 27 34 17 - 04 Mar 23
1 9 17 27 44 7 - 01 Mar 23
4 15 22 24 32 7 - 25 Feb 23
7 29 35 43 47 23 - 22 Feb 23
2 3 36 38 45 24 - 18 Feb 23
10 11 15 38 47 7 - 15 Feb 23
2 12 19 20 34 22 - 11 Feb 23
16 21 34 39 40 9 - 08 Feb 23
6 15 16 24 35 14 - 04 Feb 23
9 20 21 30 36 22 - 01 Feb 23
8 29 31 33 36 4 - 28 Jan 23
2 17 20 37 41 9 - 25 Jan 23
7 16 22 31 42 21 - 21 Jan 23
3 7 21 34 40 22 - 18 Jan 23
4 10 13 24 40 2 - 14 Jan 23
7 16 21 44 46 7 - 11 Jan 23
4 6 11 31 46 22 - 07 Jan 23
4 16 18 41 45 24 - 04 Jan 23
6 9 20 22 42 3 - 31 Dec 22
11 23 28 30 43 8 - 28 Dec 22
2 30 34 42 43 6 - 24 Dec 22
1 3 17 23 42 14 - 21 Dec 22
3 4 11 27 39 22 - 17 Dec 22
11 14 17 35 41 3 - 14 Dec 22
13 18 19 22 38 11 - 10 Dec 22
16 26 32 38 43 4 - 07 Dec 22
4 11 12 15 45 24 - 03 Dec 22
6 18 22 26 34 9 - 30 Nov 22
1 8 9 44 47 16 - 26 Nov 22
4 13 32 33 42 19 - 23 Nov 22
1 24 32 34 44 25 - 19 Nov 22
12 16 25 28 45 23 - 16 Nov 22
2 5 17 40 46 1 - 12 Nov 22
3 6 8 40 44 19 - 09 Nov 22
3 15 21 38 42 24 - 05 Nov 22
7 9 14 39 43 1 - 02 Nov 22
6 12 19 24 28 1 - 29 Oct 22
5 8 31 46 47 15 - 26 Oct 22
5 8 12 14 16 22 - 22 Oct 22
8 12 14 26 37 9 - 19 Oct 22
5 10 16 34 35 11 - 15 Oct 22
5 22 30 34 43 26 - 12 Oct 22
9 11 17 33 36 7 - 08 Oct 22
2 8 9 28 43 14 - 05 Oct 22
3 22 23 31 44 8 - 01 Oct 22
13 16 28 33 45 9 - 28 Sep 22
6 12 21 23 36 7 - 24 Sep 22
6 14 16 36 46 9 - 21 Sep 22
8 9 13 46 47 1 - 17 Sep 22
1 7 8 28 42 13 - 14 Sep 22
2 13 25 34 43 16 - 10 Sep 22
24 25 28 39 44 26 - 07 Sep 22
20 24 25 30 35 8 - 03 Sep 22
2 16 19 24 42 24 - 31 Aug 22
16 17 25 43 45 9 - 27 Aug 22
7 10 15 40 44 5 - 24 Aug 22
1 7 18 22 38 4 - 20 Aug 22
2 9 25 38 41 18 - 17 Aug 22
1 12 25 42 45 9 - 13 Aug 22
3 11 21 23 45 14 - 10 Aug 22
19 26 28 35 39 6 - 06 Aug 22
1 10 24 25 43 5 - 03 Aug 22
2 11 28 29 33 3 - 30 Jul 22
2 8 11 13 21 21 - 27 Jul 22
2 10 24 41 47 10 - 23 Jul 22
7 16 30 40 44 16 - 20 Jul 22
2 14 26 35 43 27 - 16 Jul 22
12 19 20 36 42 3 - 13 Jul 22
2 17 19 23 39 5 - 09 Jul 22
10 13 34 38 41 21 - 06 Jul 22
4 11 15 25 42 18 - 02 Jul 22
12 19 25 38 46 15 - 29 Jun 22
3 27 39 43 44 1 - 25 Jun 22
24 33 35 38 42 4 - 22 Jun 22
2 10 11 18 39 15 - 18 Jun 22
8 13 24 25 33 9 - 15 Jun 22
4 11 13 25 26 2 - 11 Jun 22
1 32 34 41 42 22 - 08 Jun 22
9 13 21 27 45 5 - 04 Jun 22
25 26 39 42 43 23 - 01 Jun 22
3 9 12 15 42 17 - 28 May 22
9 38 42 43 47 17 - 25 May 22
8 13 21 39 47 9 - 21 May 22
2 10 26 38 45 9 - 18 May 22
6 25 30 34 36 3 - 14 May 22
8 34 37 44 45 3 - 11 May 22
13 20 21 29 46 8 - 07 May 22
5 9 20 27 42 17 - 04 May 22
3 15 21 35 46 18 - 30 Apr 22
3 11 13 23 34 23 - 27 Apr 22
13 19 21 22 39 9 - 23 Apr 22
2 29 36 40 47 11 - 20 Apr 22
12 13 14 25 35 13 - 16 Apr 22
8 10 14 17 40 19 - 13 Apr 22
2 7 10 33 37 11 - 09 Apr 22
20 24 40 42 44 17 - 06 Apr 22
3 5 13 17 41 11 - 02 Apr 22
5 10 16 26 43 24 - 30 Mar 22
4 6 14 28 35 4 - 26 Mar 22
24 25 32 38 41 23 - 23 Mar 22
13 17 30 33 37 17 - 19 Mar 22
21 28 33 45 46 5 - 16 Mar 22
11 14 17 19 43 13 - 12 Mar 22
19 34 36 41 42 3 - 09 Mar 22
5 7 13 36 44 16 - 05 Mar 22
6 14 16 19 38 8 - 02 Mar 22
2 4 6 30 41 26 - 26 Feb 22
5 10 15 31 32 25 - 23 Feb 22
3 12 24 30 36 6 - 19 Feb 22
1 8 36 38 40 10 - 16 Feb 22
2 10 23 42 44 10 - 12 Feb 22
20 35 37 39 44 2 - 09 Feb 22
7 10 15 28 34 26 - 05 Feb 22
18 21 31 45 47 1 - 02 Feb 22
9 10 22 25 34 27 - 29 Jan 22
6 7 17 31 44 12 - 26 Jan 22
25 36 43 44 46 2 - 22 Jan 22
8 25 27 46 47 24 - 19 Jan 22
1 26 34 42 45 10 - 15 Jan 22
10 33 35 39 47 22 - 12 Jan 22
2 13 25 41 42 27 - 08 Jan 22
2 9 17 20 25 7 - 05 Jan 22
1 5 22 29 42 2 - 01 Jan 22
1 29 30 43 47 3 - 29 Dec 21
5 8 9 29 43 27 - 25 Dec 21
11 16 20 21 26 5 - 22 Dec 21
26 33 35 37 42 18 - 18 Dec 21
5 8 9 19 39 9 - 15 Dec 21
6 7 10 20 25 26 - 11 Dec 21
4 6 23 41 46 4 - 08 Dec 21
7 11 14 19 46 26 - 04 Dec 21
5 6 10 34 44 27 - 01 Dec 21
1 11 27 31 36 22 - 27 Nov 21
12 14 17 20 21 9 - 24 Nov 21
2 27 28 35 45 3 - 20 Nov 21
11 13 42 43 44 16 - 17 Nov 21
10 15 25 36 42 15 - 13 Nov 21
7 15 17 45 46 7 - 10 Nov 21
11 17 20 27 34 9 - 06 Nov 21
14 15 37 40 47 4 - 03 Nov 21
6 14 15 17 37 3 - 30 Oct 21
2 25 26 27 32 4 - 27 Oct 21
5 20 31 33 45 21 - 23 Oct 21
2 12 30 38 46 19 - 20 Oct 21
1 35 36 43 44 3 - 16 Oct 21
1 14 21 37 40 23 - 13 Oct 21
13 21 22 32 43 1 - 09 Oct 21
2 30 37 38 43 1 - 06 Oct 21
6 22 32 34 46 3 - 02 Oct 21
12 13 16 17 22 6 - 29 Sep 21
2 15 30 32 35 23 - 25 Sep 21
4 6 26 39 41 12 - 22 Sep 21
3 5 20 36 45 25 - 18 Sep 21
1 5 7 28 45 8 - 15 Sep 21
33 38 39 44 47 27 - 11 Sep 21
4 5 7 25 38 2 - 08 Sep 21
9 11 23 30 43 5 - 04 Sep 21
7 10 15 43 45 7 - 01 Sep 21
6 17 29 30 45 5 - 28 Aug 21
2 6 21 39 47 3 - 25 Aug 21
12 22 36 44 47 20 - 21 Aug 21
9 22 38 39 45 2 - 18 Aug 21
2 13 17 19 21 12 - 14 Aug 21
8 12 21 40 47 11 - 11 Aug 21
2 9 12 20 39 5 - 07 Aug 21
4 14 18 36 43 14 - 04 Aug 21
16 18 30 32 38 5 - 31 Jul 21
20 24 32 35 39 25 - 28 Jul 21
1 5 19 27 40 8 - 24 Jul 21
10 11 19 30 36 7 - 21 Jul 21
1 39 41 46 47 23 - 17 Jul 21
8 15 28 38 39 18 - 14 Jul 21
9 11 15 27 30 25 - 10 Jul 21
10 12 32 37 39 18 - 07 Jul 21
4 9 21 33 40 16 - 03 Jul 21
12 13 16 18 25 25 - 30 Jun 21
11 19 24 32 44 4 - 26 Jun 21
4 9 38 40 41 25 - 23 Jun 21
4 7 8 19 36 3 - 19 Jun 21
1 6 21 38 39 10 - 16 Jun 21
5 10 21 22 36 10 - 12 Jun 21
1 14 23 42 44 9 - 09 Jun 21
4 7 8 32 45 14 - 05 Jun 21
9 23 27 28 41 12 - 02 Jun 21
7 9 23 37 42 14 - 29 May 21
1 6 8 23 42 12 - 26 May 21
26 38 39 41 44 7 - 22 May 21
4 16 18 32 44 20 - 19 May 21
6 18 27 35 36 25 - 15 May 21
1 17 21 30 43 9 - 12 May 21
10 12 21 22 28 12 - 08 May 21
6 11 17 27 39 19 - 05 May 21
1 6 13 22 31 13 - 01 May 21
14 18 19 33 37 19 - 28 Apr 21
12 14 17 22 24 13 - 24 Apr 21
3 12 17 41 42 23 - 21 Apr 21
2 7 12 29 44 3 - 17 Apr 21
7 10 20 28 33 15 - 14 Apr 21
7 8 29 33 47 20 - 10 Apr 21
2 7 16 40 42 20 - 07 Apr 21
1 7 8 31 38 16 - 03 Apr 21
4 26 36 37 42 5 - 31 Mar 21
11 12 20 27 45 6 - 27 Mar 21
10 11 13 32 38 17 - 24 Mar 21
3 23 27 34 37 13 - 20 Mar 21
10 13 19 22 46 10 - 17 Mar 21
3 7 8 13 21 19 - 13 Mar 21
5 6 20 40 42 27 - 10 Mar 21
12 18 27 28 34 19 - 06 Mar 21
11 18 22 28 37 14 - 03 Mar 21
3 8 22 28 34 22 - 27 Feb 21
7 34 38 44 47 7 - 24 Feb 21
2 5 8 21 45 11 - 20 Feb 21
20 26 39 40 46 19 - 17 Feb 21
18 22 38 40 42 13 - 13 Feb 21
8 10 19 22 41 15 - 10 Feb 21
4 16 34 35 45 17 - 06 Feb 21
4 15 27 28 34 16 - 03 Feb 21
1 6 13 19 45 12 - 30 Jan 21
9 10 16 30 46 13 - 27 Jan 21
15 25 37 43 45 12 - 23 Jan 21
5 8 15 21 37 27 - 20 Jan 21
4 13 15 23 31 10 - 16 Jan 21
3 17 21 27 35 5 - 13 Jan 21
3 4 17 34 39 20 - 09 Jan 21
4 29 33 34 44 21 - 06 Jan 21
11 19 35 40 46 18 - 02 Jan 21
27 30 37 42 46 19 - 30 Dec 20
4 6 16 19 32 2 - 26 Dec 20
1 12 15 23 33 19 - 23 Dec 20
10 15 25 31 33 21 - 19 Dec 20
4 6 11 12 17 9 - 16 Dec 20
1 13 24 26 39 17 - 12 Dec 20
5 8 13 20 39 1 - 09 Dec 20
1 13 30 35 40 2 - 05 Dec 20
6 8 13 31 38 26 - 02 Dec 20
2 14 26 32 38 5 - 28 Nov 20
6 7 12 22 35 7 - 25 Nov 20
8 12 16 21 41 20 - 21 Nov 20
1 2 16 27 32 18 - 18 Nov 20
12 13 23 31 36 10 - 14 Nov 20
6 7 11 29 38 23 - 11 Nov 20
20 26 31 43 45 9 - 07 Nov 20
8 28 30 41 42 8 - 04 Nov 20
4 7 16 21 34 1 - 31 Oct 20
2 7 9 14 46 19 - 28 Oct 20
8 20 22 34 35 3 - 24 Oct 20
9 10 16 31 46 27 - 21 Oct 20
7 19 25 29 42 1 - 17 Oct 20
4 13 25 34 46 15 - 14 Oct 20
3 7 10 22 41 21 - 10 Oct 20
38 41 42 43 45 25 - 07 Oct 20
5 32 38 39 43 11 - 03 Oct 20
3 23 28 46 47 25 - 30 Sep 20
3 12 15 36 43 25 - 26 Sep 20
7 12 24 32 34 2 - 23 Sep 20
4 5 13 22 23 24 - 19 Sep 20
13 18 28 38 42 4 - 16 Sep 20
3 8 19 23 32 20 - 12 Sep 20
8 22 34 37 39 22 - 09 Sep 20
1 18 22 26 27 12 - 05 Sep 20
24 27 36 40 46 10 - 02 Sep 20
5 10 29 42 46 2 - 29 Aug 20
4 5 6 30 45 21 - 26 Aug 20
20 24 28 35 37 22 - 22 Aug 20
11 13 14 16 39 26 - 19 Aug 20
14 18 21 42 45 26 - 15 Aug 20
3 11 25 44 47 1 - 12 Aug 20
15 20 23 37 41 1 - 08 Aug 20
2 4 5 40 47 16 - 05 Aug 20
5 6 8 12 42 23 - 01 Aug 20
2 16 20 21 34 20 - 29 Jul 20
8 10 12 35 39 26 - 25 Jul 20
4 8 30 33 40 17 - 22 Jul 20
16 30 37 39 43 14 - 18 Jul 20
7 25 34 40 44 26 - 15 Jul 20
2 12 16 19 31 8 - 11 Jul 20
2 25 36 42 47 6 - 08 Jul 20
4 6 10 20 41 8 - 04 Jul 20
19 22 25 33 42 12 - 01 Jul 20
27 32 35 46 47 12 - 27 Jun 20
8 11 19 31 42 22 - 24 Jun 20
7 13 15 25 30 13 - 20 Jun 20
1 20 30 39 47 21 - 17 Jun 20
21 25 30 34 42 18 - 13 Jun 20
3 11 20 25 46 21 - 10 Jun 20
5 21 22 34 39 8 - 06 Jun 20
7 17 26 36 42 3 - 03 Jun 20
6 13 21 36 38 25 - 30 May 20
2 5 11 14 44 21 - 27 May 20
7 27 35 43 45 15 - 23 May 20
2 24 29 30 37 8 - 20 May 20
3 9 23 27 35 16 - 16 May 20
4 10 20 22 23 23 - 13 May 20
4 19 24 39 45 14 - 09 May 20
5 8 19 37 39 11 - 06 May 20
4 7 21 37 43 7 - 02 May 20
2 9 15 34 46 25 - 29 Apr 20
15 20 27 38 40 15 - 25 Apr 20
1 10 11 15 30 27 - 22 Apr 20
1 18 20 21 26 17 - 18 Apr 20
5 8 9 27 37 11 - 15 Apr 20
1 4 8 27 29 23 - 11 Apr 20
1 12 27 46 47 6 - 08 Apr 20
5 7 37 39 46 26 - 04 Apr 20
4 8 22 29 44 18 - 01 Apr 20
9 18 26 29 30 17 - 28 Mar 20
18 22 24 28 44 26 - 25 Mar 20
8 9 22 32 39 3 - 21 Mar 20
2 14 17 32 47 24 - 18 Mar 20
4 16 19 25 28 6 - 14 Mar 20
5 10 20 43 44 10 - 11 Mar 20
9 19 20 21 33 16 - 07 Mar 20
1 4 26 38 46 11 - 04 Mar 20
5 20 22 24 32 15 - 29 Feb 20
4 11 24 28 41 25 - 26 Feb 20
17 32 36 37 44 3 - 22 Feb 20
2 7 8 41 46 5 - 19 Feb 20
1 6 29 34 37 18 - 15 Feb 20
11 13 20 24 35 6 - 12 Feb 20
6 24 26 28 32 24 - 08 Feb 20
7 12 18 37 42 17 - 05 Feb 20
1 14 18 25 35 21 - 01 Feb 20
22 26 28 29 36 4 - 29 Jan 20
3 4 10 26 30 6 - 25 Jan 20
1 14 29 39 41 8 - 22 Jan 20
6 7 20 27 42 12 - 18 Jan 20
7 21 28 42 44 22 - 15 Jan 20
4 9 13 18 34 22 - 11 Jan 20
1 16 34 35 47 2 - 08 Jan 20
25 29 31 33 42 19 - 04 Jan 20
4 9 17 35 40 8 - 01 Jan 20
16 21 33 36 39 2 - 28 Dec 19
20 21 32 36 37 14 - 25 Dec 19
10 15 27 37 40 25 - 21 Dec 19
1 4 11 23 36 10 - 18 Dec 19
8 9 22 42 43 20 - 14 Dec 19
2 3 6 9 11 26 - 11 Dec 19
4 8 31 44 45 20 - 07 Dec 19
1 14 21 28 39 13 - 04 Dec 19
7 32 36 40 47 24 - 30 Nov 19
14 19 24 36 47 6 - 27 Nov 19
9 15 27 41 43 17 - 23 Nov 19
1 7 9 14 25 16 - 20 Nov 19
10 22 40 41 43 2 - 16 Nov 19
9 12 23 27 43 12 - 13 Nov 19
7 12 26 41 44 5 - 09 Nov 19
3 12 30 36 41 24 - 06 Nov 19
1 9 27 32 45 25 - 02 Nov 19
27 34 35 36 40 13 - 30 Oct 19
8 11 16 19 23 8 - 26 Oct 19
11 16 19 22 28 13 - 23 Oct 19
8 17 32 34 45 24 - 19 Oct 19
7 18 28 41 44 5 - 16 Oct 19
2 8 11 26 33 14 - 12 Oct 19
7 9 14 18 38 12 - 09 Oct 19
8 27 33 42 47 12 - 05 Oct 19
27 29 34 35 45 15 - 02 Oct 19
5 13 33 38 39 16 - 28 Sep 19
3 7 11 13 26 12 - 25 Sep 19
1 31 34 37 39 12 - 21 Sep 19
5 7 22 23 27 27 - 18 Sep 19
4 10 18 27 30 7 - 14 Sep 19
4 6 15 24 46 6 - 11 Sep 19
8 18 20 23 43 5 - 07 Sep 19
16 22 24 43 45 16 - 04 Sep 19
5 8 13 24 39 23 - 31 Aug 19
14 16 21 31 39 3 - 28 Aug 19
4 6 14 24 45 21 - 24 Aug 19
19 25 28 34 39 9 - 21 Aug 19
2 13 20 31 34 14 - 17 Aug 19
6 38 44 45 47 15 - 14 Aug 19
11 24 39 40 45 27 - 10 Aug 19
1 12 13 39 47 9 - 07 Aug 19
17 18 21 27 32 23 - 03 Aug 19
1 8 28 37 41 8 - 31 Jul 19
8 10 22 23 27 4 - 27 Jul 19
1 2 35 41 45 6 - 24 Jul 19
1 17 28 29 43 4 - 20 Jul 19
1 6 14 15 45 13 - 17 Jul 19
1 13 18 20 30 17 - 13 Jul 19
8 9 14 21 45 24 - 10 Jul 19
3 22 28 35 46 16 - 06 Jul 19
3 4 29 44 47 15 - 03 Jul 19
3 30 31 41 44 5 - 29 Jun 19
6 17 20 27 37 13 - 26 Jun 19
6 8 20 40 42 24 - 22 Jun 19
8 16 17 31 44 21 - 19 Jun 19
2 19 28 35 38 20 - 15 Jun 19
10 16 23 24 34 3 - 12 Jun 19
6 9 18 33 38 14 - 08 Jun 19
12 16 21 28 41 26 - 05 Jun 19
10 13 16 31 32 4 - 01 Jun 19
1 3 18 26 41 8 - 29 May 19
4 10 32 36 43 26 - 25 May 19
16 34 37 42 43 21 - 22 May 19
14 22 27 28 36 20 - 18 May 19
5 22 23 27 38 16 - 15 May 19
6 8 10 14 34 12 - 11 May 19
12 17 26 39 44 2 - 08 May 19
4 5 33 38 43 15 - 04 May 19
2 3 4 13 47 2 - 01 May 19
1 2 29 32 35 18 - 27 Apr 19
1 17 35 36 45 4 - 24 Apr 19
1 3 21 27 30 23 - 20 Apr 19
5 23 27 31 46 20 - 17 Apr 19
3 6 11 36 45 26 - 13 Apr 19
4 16 22 31 42 4 - 10 Apr 19
1 23 29 33 42 3 - 06 Apr 19
2 9 21 37 42 12 - 03 Apr 19
10 21 31 37 47 24 - 30 Mar 19
18 22 26 39 42 4 - 27 Mar 19
11 24 25 45 47 22 - 23 Mar 19
15 21 25 28 41 27 - 20 Mar 19
2 21 23 28 45 11 - 16 Mar 19
20 29 31 37 44 15 - 13 Mar 19
6 14 19 22 39 7 - 09 Mar 19
9 10 27 39 43 11 - 06 Mar 19
22 27 30 33 46 25 - 02 Mar 19
2 11 25 26 32 13 - 27 Feb 19
15 21 23 26 34 18 - 23 Feb 19
9 18 35 40 46 4 - 20 Feb 19
5 14 15 35 45 5 - 16 Feb 19
8 26 33 40 46 13 - 13 Feb 19
8 22 31 33 47 25 - 09 Feb 19
1 4 17 18 38 12 - 06 Feb 19
3 34 37 45 47 17 - 02 Feb 19
3 14 16 20 46 4 - 30 Jan 19
10 16 23 31 34 8 - 26 Jan 19
6 22 25 28 34 6 - 23 Jan 19
2 10 20 23 32 16 - 19 Jan 19
1 22 34 37 44 27 - 16 Jan 19
6 18 24 31 42 24 - 12 Jan 19
3 28 29 43 44 18 - 09 Jan 19
3 8 17 23 46 18 - 05 Jan 19
21 29 39 42 47 19 - 02 Jan 19
4 6 17 35 42 6 - 29 Dec 18
1 11 31 36 47 11 - 26 Dec 18
18 24 26 35 40 23 - 22 Dec 18
7 9 17 24 35 22 - 19 Dec 18
2 21 22 44 45 1 - 15 Dec 18
6 11 15 35 42 16 - 12 Dec 18
11 17 32 35 45 19 - 08 Dec 18
3 6 13 33 42 24 - 05 Dec 18
7 9 14 30 32 7 - 01 Dec 18
18 21 26 34 43 1 - 28 Nov 18
7 15 16 22 44 1 - 24 Nov 18
1 10 12 38 43 12 - 21 Nov 18
20 23 34 45 46 1 - 17 Nov 18
6 25 32 39 44 9 - 14 Nov 18
1 3 20 36 37 18 - 10 Nov 18
12 25 28 45 47 16 - 07 Nov 18
14 23 31 33 39 18 - 03 Nov 18
28 36 40 41 47 15 - 31 Oct 18
1 8 23 28 38 17 - 27 Oct 18
1 2 6 34 44 6 - 24 Oct 18
11 19 36 38 45 18 - 20 Oct 18
3 11 16 22 23 9 - 17 Oct 18
3 23 30 38 40 1 - 13 Oct 18
16 21 34 40 46 24 - 10 Oct 18
3 14 15 16 26 4 - 06 Oct 18
9 16 18 20 32 15 - 03 Oct 18
7 11 23 25 37 6 - 29 Sep 18
9 21 28 32 36 17 - 26 Sep 18
9 22 24 44 45 5 - 22 Sep 18
8 13 15 30 41 24 - 19 Sep 18
17 20 28 34 39 27 - 15 Sep 18
3 14 37 39 41 18 - 12 Sep 18
17 25 28 41 47 9 - 08 Sep 18
6 8 24 27 38 5 - 05 Sep 18
12 14 27 29 37 3 - 01 Sep 18
10 23 28 38 39 15 - 29 Aug 18
3 13 14 17 38 20 - 25 Aug 18
2 11 24 37 46 15 - 22 Aug 18
4 5 24 30 38 26 - 18 Aug 18
8 10 36 39 47 2 - 15 Aug 18
11 23 24 28 46 18 - 11 Aug 18
3 21 30 32 46 19 - 08 Aug 18
14 19 33 38 46 16 - 04 Aug 18
1 4 23 35 44 2 - 01 Aug 18
4 8 11 31 33 12 - 28 Jul 18
6 16 27 30 40 11 - 25 Jul 18
3 4 30 32 44 11 - 21 Jul 18
1 3 4 16 39 19 - 18 Jul 18
5 12 24 26 37 4 - 14 Jul 18
15 16 18 20 39 3 - 11 Jul 18
1 10 34 36 39 25 - 07 Jul 18
21 32 33 38 44 8 - 04 Jul 18
1 22 23 26 36 4 - 30 Jun 18
6 16 29 32 34 15 - 27 Jun 18
2 6 9 13 23 22 - 23 Jun 18
6 15 19 25 28 1 - 20 Jun 18
11 13 24 30 42 4 - 16 Jun 18
8 38 40 44 47 4 - 13 Jun 18
5 11 27 33 47 18 - 09 Jun 18
3 16 19 26 37 1 - 06 Jun 18
3 11 15 37 44 10 - 02 Jun 18
14 17 23 25 46 6 - 30 May 18
4 25 30 42 47 23 - 26 May 18
6 34 38 39 44 12 - 23 May 18
12 22 25 30 37 24 - 19 May 18
18 22 24 31 43 15 - 16 May 18
1 9 17 20 25 7 - 12 May 18
4 7 28 37 41 2 - 09 May 18
1 15 36 38 43 26 - 05 May 18
11 25 28 33 44 11 - 02 May 18
2 9 17 22 37 22 - 28 Apr 18
8 18 20 36 45 21 - 25 Apr 18
12 14 19 30 34 11 - 21 Apr 18
1 9 18 25 32 17 - 18 Apr 18
5 14 27 31 39 19 - 14 Apr 18
5 9 16 22 28 23 - 11 Apr 18
13 16 24 38 39 4 - 07 Apr 18
3 12 15 24 36 23 - 04 Apr 18
12 27 29 30 47 19 - 31 Mar 18
3 4 10 21 42 3 - 28 Mar 18
1 9 15 22 43 3 - 24 Mar 18
6 14 20 25 42 1 - 21 Mar 18
10 11 16 25 35 6 - 17 Mar 18
4 9 18 24 32 3 - 14 Mar 18
17 19 30 31 42 25 - 10 Mar 18
7 10 12 19 37 8 - 07 Mar 18
6 24 42 43 45 9 - 03 Mar 18
6 7 9 14 25 13 - 28 Feb 18
6 15 22 29 38 24 - 24 Feb 18
10 25 31 43 45 6 - 21 Feb 18
19 27 34 36 39 17 - 17 Feb 18
8 15 23 26 46 21 - 14 Feb 18
27 32 33 41 42 7 - 10 Feb 18
7 15 18 20 24 1 - 07 Feb 18
10 29 41 45 46 10 - 03 Feb 18
4 6 19 21 32 24 - 31 Jan 18
5 8 19 40 45 1 - 27 Jan 18
10 25 29 41 43 20 - 24 Jan 18
16 22 25 41 44 3 - 20 Jan 18
3 8 18 31 36 7 - 17 Jan 18
3 24 28 33 40 27 - 13 Jan 18
19 36 37 44 46 23 - 10 Jan 18
4 15 21 24 39 6 - 06 Jan 18
18 24 27 31 35 15 - 03 Jan 18
25 27 30 32 37 3 - 30 Dec 17
1 8 14 24 41 10 - 27 Dec 17
1 4 7 34 40 1 - 23 Dec 17
1 7 13 27 29 26 - 20 Dec 17
4 17 21 37 44 17 - 16 Dec 17
11 14 15 19 39 15 - 13 Dec 17
8 19 34 41 45 21 - 09 Dec 17
1 2 7 12 24 23 - 06 Dec 17
7 18 33 40 42 7 - 02 Dec 17
3 7 26 27 33 6 - 29 Nov 17
13 17 21 25 46 19 - 25 Nov 17
8 27 32 40 42 3 - 22 Nov 17
19 34 42 43 46 20 - 18 Nov 17
18 20 21 38 45 9 - 15 Nov 17
4 16 21 39 47 8 - 11 Nov 17
16 17 22 38 41 3 - 08 Nov 17
5 8 29 32 41 25 - 04 Nov 17
22 26 43 44 47 24 - 01 Nov 17
8 12 24 30 37 6 - 28 Oct 17
5 29 36 37 44 8 - 25 Oct 17
4 18 27 36 47 15 - 21 Oct 17
5 10 24 33 35 13 - 18 Oct 17
3 6 20 40 41 16 - 14 Oct 17
17 32 33 38 43 27 - 11 Oct 17
16 18 24 41 47 23 - 07 Oct 17
21 24 27 30 39 22 - 04 Oct 17
10 21 30 42 46 3 - 30 Sep 17
2 8 12 37 44 12 - 27 Sep 17
4 6 8 13 46 6 - 23 Sep 17
4 36 38 40 46 21 - 20 Sep 17
4 5 7 26 33 19 - 16 Sep 17
2 12 16 32 44 2 - 13 Sep 17
14 15 22 36 46 21 - 09 Sep 17
13 25 31 43 47 14 - 06 Sep 17
1 3 15 30 41 12 - 02 Sep 17
21 22 35 38 47 22 - 30 Aug 17
1 4 13 27 45 16 - 26 Aug 17
7 8 20 27 35 7 - 23 Aug 17
8 14 21 27 47 25 - 19 Aug 17
23 31 34 43 47 19 - 16 Aug 17
10 27 28 34 41 7 - 12 Aug 17
20 28 29 30 31 17 - 09 Aug 17
6 9 19 27 38 15 - 05 Aug 17
11 36 37 41 47 25 - 02 Aug 17
8 14 16 38 39 16 - 29 Jul 17
10 15 19 22 27 19 - 26 Jul 17
17 24 35 36 38 9 - 22 Jul 17
6 7 17 29 46 11 - 19 Jul 17
8 24 26 32 44 11 - 15 Jul 17
9 14 34 35 36 27 - 12 Jul 17
3 4 19 27 45 22 - 08 Jul 17
10 19 22 29 42 4 - 05 Jul 17
10 29 31 35 45 23 - 01 Jul 17
12 21 22 38 44 22 - 28 Jun 17
1 12 25 35 38 12 - 24 Jun 17
5 20 25 32 46 19 - 21 Jun 17
5 24 25 40 47 7 - 17 Jun 17
1 16 26 34 35 25 - 14 Jun 17
3 4 5 16 20 2 - 10 Jun 17
28 34 36 46 47 12 - 07 Jun 17
9 25 30 33 41 1 - 03 Jun 17
7 8 20 23 36 6 - 31 May 17
7 8 15 34 45 3 - 27 May 17
1 14 16 31 44 22 - 24 May 17
6 10 31 45 47 8 - 20 May 17
8 20 24 27 34 13 - 17 May 17
13 16 18 27 32 20 - 13 May 17
7 16 17 36 38 22 - 10 May 17
16 24 31 40 44 7 - 06 May 17
9 22 23 32 37 6 - 03 May 17
4 14 31 42 43 2 - 29 Apr 17
6 19 28 42 45 7 - 26 Apr 17
6 13 16 39 44 13 - 22 Apr 17
2 28 33 34 38 4 - 19 Apr 17
3 10 16 18 19 2 - 15 Apr 17
9 14 17 23 29 5 - 12 Apr 17
6 12 22 27 36 19 - 08 Apr 17
20 33 35 40 41 11 - 05 Apr 17
8 10 35 39 47 23 - 01 Apr 17
7 10 11 21 35 13 - 29 Mar 17
10 13 17 18 20 11 - 25 Mar 17
8 26 28 33 42 23 - 22 Mar 17
29 33 38 44 46 5 - 18 Mar 17
13 31 34 36 44 1 - 15 Mar 17
16 17 19 38 47 25 - 11 Mar 17
2 11 25 33 37 3 - 08 Mar 17
17 34 35 41 46 19 - 04 Mar 17
8 20 29 33 42 23 - 01 Mar 17
3 11 24 30 46 15 - 25 Feb 17
15 28 32 34 47 14 - 22 Feb 17
9 18 24 27 41 21 - 18 Feb 17
5 9 16 27 41 5 - 15 Feb 17
11 24 27 34 40 19 - 11 Feb 17
4 11 37 40 45 12 - 08 Feb 17
5 15 18 22 41 20 - 04 Feb 17
3 8 10 27 31 16 - 01 Feb 17
11 15 22 33 35 20 - 28 Jan 17
9 13 27 29 33 10 - 25 Jan 17
7 14 20 22 46 22 - 21 Jan 17
17 25 29 31 37 6 - 18 Jan 17
1 9 10 19 26 21 - 14 Jan 17
8 15 20 43 44 23 - 11 Jan 17
6 32 33 34 44 18 - 07 Jan 17
11 15 20 38 47 16 - 04 Jan 17
1 3 10 46 47 6 - 31 Dec 16
10 13 16 34 41 6 - 28 Dec 16
2 18 31 35 39 2 - 24 Dec 16
16 21 28 40 41 16 - 21 Dec 16
10 24 32 34 40 10 - 17 Dec 16
6 10 16 29 31 17 - 14 Dec 16
6 13 15 36 45 25 - 10 Dec 16
2 10 11 15 38 19 - 07 Dec 16
3 13 20 44 47 16 - 03 Dec 16
17 21 28 38 47 11 - 30 Nov 16
1 16 21 22 39 24 - 26 Nov 16
15 25 27 30 34 1 - 23 Nov 16
3 11 15 16 32 22 - 19 Nov 16
14 28 33 37 43 27 - 16 Nov 16
21 35 37 40 44 24 - 12 Nov 16
8 26 31 35 47 12 - 09 Nov 16
1 20 29 31 37 1 - 05 Nov 16
6 7 11 42 47 2 - 02 Nov 16
2 4 26 30 37 11 - 29 Oct 16
8 19 21 26 33 15 - 26 Oct 16
3 7 12 25 42 27 - 22 Oct 16
4 9 11 15 21 6 - 19 Oct 16
4 5 13 24 43 2 - 15 Oct 16
5 11 22 23 31 26 - 12 Oct 16
2 17 33 36 43 19 - 08 Oct 16
9 13 27 33 40 8 - 05 Oct 16
1 3 20 30 39 3 - 01 Oct 16
8 18 24 37 43 5 - 28 Sep 16
8 12 15 30 35 27 - 24 Sep 16
6 36 38 41 46 17 - 21 Sep 16
16 20 22 34 41 6 - 17 Sep 16
8 25 32 35 45 24 - 14 Sep 16
10 29 30 37 44 5 - 10 Sep 16
14 20 23 32 39 10 - 07 Sep 16
1 3 4 9 42 23 - 03 Sep 16
15 17 30 41 46 12 - 31 Aug 16
20 25 37 44 45 27 - 27 Aug 16
2 9 40 44 46 25 - 24 Aug 16
10 18 27 39 41 4 - 20 Aug 16
22 31 36 46 47 18 - 17 Aug 16
6 18 39 44 47 2 - 13 Aug 16
1 23 40 44 46 15 - 10 Aug 16
1 29 34 36 46 15 - 06 Aug 16
12 18 19 29 32 18 - 03 Aug 16
2 3 27 28 30 17 - 30 Jul 16
5 7 12 34 42 23 - 27 Jul 16
7 23 30 36 44 2 - 23 Jul 16
3 6 15 20 34 15 - 20 Jul 16
5 24 31 39 43 24 - 16 Jul 16
8 13 14 24 27 1 - 13 Jul 16
13 18 25 37 43 16 - 09 Jul 16
17 21 29 45 46 24 - 06 Jul 16
12 23 25 39 40 3 - 02 Jul 16
10 25 28 37 39 21 - 29 Jun 16
7 23 28 39 45 18 - 25 Jun 16
6 12 26 28 33 24 - 22 Jun 16
8 13 17 19 39 5 - 18 Jun 16
15 21 38 43 46 5 - 15 Jun 16
2 10 25 31 40 12 - 11 Jun 16
2 14 19 22 32 10 - 08 Jun 16
8 11 27 35 45 3 - 04 Jun 16
2 22 25 34 36 12 - 01 Jun 16
4 10 11 32 33 23 - 28 May 16
4 6 9 16 47 10 - 25 May 16
8 12 27 34 44 15 - 21 May 16
4 19 37 40 42 13 - 18 May 16
3 4 27 30 40 17 - 14 May 16
8 24 31 32 43 17 - 11 May 16
6 14 18 20 38 10 - 07 May 16
1 8 13 15 39 19 - 04 May 16
13 16 24 29 38 18 - 30 Apr 16
7 26 31 34 43 8 - 27 Apr 16
16 26 28 33 39 8 - 23 Apr 16
2 14 25 27 35 20 - 20 Apr 16
22 29 32 36 43 17 - 16 Apr 16
14 22 25 31 46 9 - 13 Apr 16
16 18 36 40 42 7 - 09 Apr 16
12 14 22 32 45 18 - 06 Apr 16
3 5 10 43 47 6 - 02 Apr 16
22 24 28 33 39 24 - 30 Mar 16
3 12 13 26 33 18 - 26 Mar 16
5 23 38 43 47 27 - 23 Mar 16
2 17 19 24 33 22 - 19 Mar 16
15 19 22 37 46 10 - 16 Mar 16
2 16 27 34 36 12 - 12 Mar 16
2 17 24 31 41 15 - 09 Mar 16
4 5 8 10 21 6 - 05 Mar 16
9 10 18 19 42 24 - 02 Mar 16
2 8 10 28 47 10 - 27 Feb 16
6 11 16 42 43 10 - 24 Feb 16
22 24 31 34 36 3 - 20 Feb 16
21 26 28 38 44 1 - 17 Feb 16
9 13 25 44 45 5 - 13 Feb 16
3 8 12 24 30 1 - 10 Feb 16
4 20 29 37 45 23 - 06 Feb 16
11 14 21 32 47 11 - 03 Feb 16
2 31 33 36 38 17 - 30 Jan 16
12 29 33 36 43 10 - 27 Jan 16
12 14 22 30 32 12 - 23 Jan 16
3 14 18 25 38 22 - 20 Jan 16
10 11 26 28 47 9 - 16 Jan 16
12 13 35 40 45 24 - 13 Jan 16
5 12 24 25 36 4 - 09 Jan 16
2 9 15 35 37 18 - 06 Jan 16
10 21 29 39 43 24 - 02 Jan 16
3 4 6 25 26 22 - 30 Dec 15
3 4 25 37 47 11 - 26 Dec 15
6 9 11 19 47 5 - 23 Dec 15
4 17 25 27 31 14 - 19 Dec 15
1 2 7 13 23 11 - 16 Dec 15
11 12 22 24 42 27 - 12 Dec 15
7 11 13 40 47 22 - 09 Dec 15
9 30 37 44 46 8 - 05 Dec 15
1 24 32 36 42 14 - 02 Dec 15
9 16 20 21 31 1 - 28 Nov 15
12 20 24 25 39 3 - 25 Nov 15
7 15 19 38 47 25 - 21 Nov 15
13 21 34 37 41 2 - 18 Nov 15
2 17 18 35 42 1 - 14 Nov 15
5 9 22 36 44 12 - 11 Nov 15
5 10 26 32 42 10 - 07 Nov 15
4 10 18 29 38 24 - 04 Nov 15
25 32 35 38 44 3 - 31 Oct 15
7 9 12 20 34 5 - 28 Oct 15
1 12 15 28 45 27 - 24 Oct 15
5 13 16 19 27 9 - 21 Oct 15
12 14 21 32 36 14 - 17 Oct 15
11 13 25 30 43 4 - 14 Oct 15
21 28 33 34 37 17 - 10 Oct 15
4 11 12 28 41 22 - 07 Oct 15
2 12 16 17 43 22 - 03 Oct 15
6 13 15 31 32 26 - 30 Sep 15
4 15 25 44 45 2 - 26 Sep 15
17 25 26 30 44 16 - 23 Sep 15
17 21 27 30 47 24 - 19 Sep 15
6 8 21 34 35 25 - 16 Sep 15
4 10 15 33 46 15 - 12 Sep 15
9 15 18 21 22 26 - 09 Sep 15
4 22 39 44 47 9 - 05 Sep 15
17 23 36 38 40 8 - 02 Sep 15
6 20 32 39 43 16 - 29 Aug 15
19 28 31 39 47 17 - 26 Aug 15
6 9 31 33 42 13 - 22 Aug 15
5 23 31 42 45 6 - 19 Aug 15
14 21 27 30 45 3 - 15 Aug 15
13 29 40 43 44 12 - 12 Aug 15
1 16 30 33 46 24 - 08 Aug 15
10 15 16 26 29 27 - 05 Aug 15
1 3 6 17 28 2 - 01 Aug 15
13 15 33 35 36 15 - 29 Jul 15
9 19 21 24 45 27 - 25 Jul 15
1 3 34 35 36 24 - 22 Jul 15
4 22 24 31 43 1 - 18 Jul 15
1 11 17 26 44 18 - 15 Jul 15
18 23 33 34 39 10 - 11 Jul 15
6 25 34 41 45 10 - 08 Jul 15
17 19 23 30 43 6 - 04 Jul 15
7 14 29 34 37 10 - 01 Jul 15
1 5 16 21 35 13 - 27 Jun 15
27 29 30 37 44 8 - 24 Jun 15
4 12 31 33 34 14 - 20 Jun 15
7 20 32 33 37 9 - 17 Jun 15
14 15 33 38 41 27 - 13 Jun 15
1 39 43 44 47 10 - 10 Jun 15
16 22 23 39 42 25 - 06 Jun 15
7 17 18 29 40 13 - 03 Jun 15
11 25 31 34 47 16 - 30 May 15
27 33 35 42 43 18 - 27 May 15
11 12 17 19 46 26 - 23 May 15
1 4 11 22 29 20 - 20 May 15
2 5 22 39 42 3 - 16 May 15
12 18 28 38 43 20 - 13 May 15
8 24 41 44 47 23 - 09 May 15
11 14 35 40 43 9 - 06 May 15
23 31 34 36 45 4 - 02 May 15
5 24 25 34 47 3 - 29 Apr 15
4 10 15 40 47 11 - 25 Apr 15
7 11 35 39 42 18 - 22 Apr 15
7 22 36 38 45 7 - 18 Apr 15
3 5 6 14 38 10 - 15 Apr 15
6 13 16 27 42 4 - 11 Apr 15
9 20 26 27 47 26 - 08 Apr 15
1 4 20 27 36 15 - 04 Apr 15
2 6 12 34 46 27 - 01 Apr 15
7 9 24 29 41 27 - 28 Mar 15
3 5 10 25 47 7 - 25 Mar 15
2 21 28 39 45 4 - 21 Mar 15
1 3 12 15 26 19 - 18 Mar 15
13 17 18 22 37 24 - 14 Mar 15
7 28 32 44 47 4 - 11 Mar 15
15 19 22 43 46 7 - 07 Mar 15
15 23 32 36 39 20 - 04 Mar 15
18 33 34 36 45 17 - 28 Feb 15
11 29 35 36 39 10 - 25 Feb 15
13 18 21 31 38 21 - 21 Feb 15
24 28 29 32 44 2 - 18 Feb 15
8 9 18 22 31 27 - 14 Feb 15
10 26 38 43 46 24 - 11 Feb 15
6 20 23 24 29 25 - 07 Feb 15
1 2 12 19 45 8 - 04 Feb 15
3 19 20 32 36 11 - 31 Jan 15
2 10 36 43 46 23 - 28 Jan 15
1 15 23 24 30 7 - 24 Jan 15
4 15 26 27 39 3 - 21 Jan 15
14 19 29 32 42 27 - 17 Jan 15
5 14 16 19 36 23 - 14 Jan 15
1 5 16 24 30 7 - 10 Jan 15
11 19 30 36 38 7 - 07 Jan 15
6 14 15 28 44 26 - 03 Jan 15
8 15 29 35 45 18 - 31 Dec 14
3 7 19 29 32 26 - 27 Dec 14
3 6 8 22 38 26 - 24 Dec 14
5 7 21 31 33 12 - 20 Dec 14
6 7 14 21 26 22 - 17 Dec 14
3 7 19 25 42 5 - 13 Dec 14
1 3 13 25 39 8 - 10 Dec 14
20 30 38 44 45 20 - 06 Dec 14
9 19 23 37 47 23 - 03 Dec 14
5 30 37 45 47 21 - 29 Nov 14
3 10 20 28 32 12 - 26 Nov 14
2 4 8 9 18 2 - 22 Nov 14
8 29 37 43 47 23 - 19 Nov 14
4 7 34 41 43 25 - 15 Nov 14
10 20 34 36 47 21 - 12 Nov 14
19 21 24 25 32 18 - 08 Nov 14
1 15 21 24 26 26 - 05 Nov 14
3 12 21 24 42 7 - 01 Nov 14
12 13 32 38 41 16 - 29 Oct 14
1 18 22 38 44 26 - 25 Oct 14
2 20 25 32 33 26 - 22 Oct 14
9 12 15 23 40 16 - 18 Oct 14
2 8 18 22 33 13 - 15 Oct 14
3 5 6 15 18 21 - 11 Oct 14
1 14 34 42 44 21 - 08 Oct 14
8 12 27 33 35 27 - 04 Oct 14
2 6 7 15 37 10 - 01 Oct 14
1 3 6 42 47 1 - 27 Sep 14
17 23 28 33 42 1 - 24 Sep 14
2 7 12 15 38 3 - 20 Sep 14
6 7 13 39 46 18 - 17 Sep 14
36 37 38 41 47 5 - 13 Sep 14
10 12 15 31 46 23 - 10 Sep 14
6 23 33 36 41 14 - 06 Sep 14
12 18 21 26 41 10 - 03 Sep 14
9 15 31 32 46 14 - 30 Aug 14
1 2 6 29 33 14 - 27 Aug 14
13 23 25 38 43 23 - 23 Aug 14
9 11 14 18 36 25 - 20 Aug 14
12 13 22 27 28 3 - 16 Aug 14
14 18 20 27 46 18 - 13 Aug 14
8 13 14 16 33 4 - 09 Aug 14
2 29 32 37 38 26 - 06 Aug 14
6 16 22 27 32 3 - 02 Aug 14
4 11 25 33 40 6 - 30 Jul 14
16 22 26 31 36 13 - 26 Jul 14
2 9 33 36 37 12 - 23 Jul 14
7 15 18 26 39 19 - 19 Jul 14
3 5 6 14 34 17 - 16 Jul 14
11 15 18 23 28 12 - 12 Jul 14
7 20 30 34 45 15 - 09 Jul 14
3 11 12 26 27 10 - 05 Jul 14
16 34 42 44 46 9 - 02 Jul 14
18 27 29 38 42 24 - 28 Jun 14
4 15 33 40 45 4 - 25 Jun 14
13 16 18 29 39 3 - 21 Jun 14
1 31 32 34 47 10 - 18 Jun 14
5 16 20 29 42 5 - 14 Jun 14
3 15 23 25 38 7 - 11 Jun 14
1 3 8 25 40 8 - 07 Jun 14
7 11 24 37 47 1 - 04 Jun 14
4 8 15 41 44 2 - 31 May 14
4 14 19 36 41 3 - 28 May 14
11 13 23 27 29 10 - 24 May 14
6 12 36 39 44 2 - 21 May 14
2 4 20 24 27 10 - 17 May 14
8 12 15 28 33 26 - 14 May 14
14 20 21 25 31 25 - 10 May 14
4 6 16 27 39 10 - 07 May 14
5 9 25 31 46 26 - 03 May 14
7 14 16 22 28 20 - 30 Apr 14
15 16 24 29 35 6 - 26 Apr 14
2 18 19 25 36 10 - 23 Apr 14
5 30 31 32 46 7 - 19 Apr 14
11 16 23 38 39 20 - 16 Apr 14
2 12 20 27 38 5 - 12 Apr 14
1 5 13 35 46 14 - 09 Apr 14
2 13 29 33 41 19 - 05 Apr 14
7 8 23 37 42 23 - 02 Apr 14
12 20 24 30 42 7 - 29 Mar 14
3 8 26 37 46 18 - 26 Mar 14
8 30 35 38 41 27 - 22 Mar 14
3 9 13 20 28 24 - 19 Mar 14
10 20 21 23 36 7 - 15 Mar 14
4 23 25 33 42 15 - 12 Mar 14
1 16 26 45 46 5 - 08 Mar 14
6 32 33 43 44 16 - 05 Mar 14
4 10 20 30 35 13 - 01 Mar 14
5 7 17 20 23 23 - 26 Feb 14
9 22 29 32 39 23 - 22 Feb 14
10 15 22 24 31 1 - 19 Feb 14
8 21 24 28 38 1 - 15 Feb 14
10 19 28 32 39 18 - 12 Feb 14
12 14 39 43 45 19 - 08 Feb 14
34 39 40 45 47 18 - 05 Feb 14
9 14 15 16 44 24 - 01 Feb 14
5 9 17 29 33 1 - 29 Jan 14
5 7 13 38 43 11 - 25 Jan 14
1 7 31 42 44 24 - 22 Jan 14
16 23 25 35 47 13 - 18 Jan 14
9 21 34 43 46 21 - 15 Jan 14
5 9 11 35 43 4 - 11 Jan 14
16 17 21 26 37 2 - 08 Jan 14
1 10 14 35 47 11 - 04 Jan 14
3 9 19 24 42 16 - 01 Jan 14
4 23 27 28 33 16 - 28 Dec 13
8 23 26 33 40 14 - 25 Dec 13
2 32 43 46 47 7 - 21 Dec 13
14 16 17 24 33 2 - 18 Dec 13
10 12 18 22 31 2 - 14 Dec 13
2 18 27 36 37 6 - 11 Dec 13
3 17 23 37 47 22 - 07 Dec 13
7 24 28 43 46 13 - 04 Dec 13
2 11 13 16 22 23 - 30 Nov 13
6 7 30 41 43 11 - 27 Nov 13
9 17 22 32 47 3 - 23 Nov 13
1 3 26 29 37 6 - 20 Nov 13
18 19 27 29 45 15 - 16 Nov 13
1 9 13 34 46 13 - 13 Nov 13
7 14 34 41 46 1 - 09 Nov 13
3 4 8 13 43 6 - 06 Nov 13
2 15 23 32 39 12 - 02 Nov 13
3 12 33 44 47 22 - 30 Oct 13
11 25 33 35 41 10 - 26 Oct 13
4 16 28 35 45 1 - 23 Oct 13
4 21 33 38 41 6 - 19 Oct 13
9 19 32 40 47 6 - 16 Oct 13
5 7 13 31 43 20 - 12 Oct 13
1 32 33 38 43 16 - 09 Oct 13
13 22 33 46 47 24 - 05 Oct 13
23 30 37 38 45 22 - 02 Oct 13
6 22 29 44 46 9 - 28 Sep 13
5 14 22 25 26 8 - 25 Sep 13
10 15 25 36 46 18 - 21 Sep 13
4 7 10 25 41 10 - 18 Sep 13
7 15 17 33 35 22 - 14 Sep 13
3 5 14 40 46 2 - 11 Sep 13
25 28 35 45 47 20 - 07 Sep 13
12 19 22 37 45 15 - 04 Sep 13
4 18 24 33 47 1 - 31 Aug 13
9 25 40 44 47 15 - 28 Aug 13
1 15 35 40 45 23 - 24 Aug 13
17 29 36 41 43 17 - 21 Aug 13
5 8 19 21 37 12 - 17 Aug 13
1 7 15 31 43 3 - 14 Aug 13
5 7 14 44 46 27 - 10 Aug 13
21 29 31 35 45 2 - 07 Aug 13
12 32 39 46 47 5 - 03 Aug 13
15 17 29 32 41 23 - 31 Jul 13
18 20 30 40 42 15 - 27 Jul 13
10 22 34 37 47 23 - 24 Jul 13
10 13 27 33 34 23 - 20 Jul 13
12 17 22 25 37 24 - 17 Jul 13
1 2 6 25 40 19 - 13 Jul 13
1 2 3 28 38 21 - 10 Jul 13
2 18 20 21 45 24 - 06 Jul 13
14 35 36 40 47 6 - 03 Jul 13
6 26 30 41 44 8 - 29 Jun 13
4 20 26 31 36 22 - 26 Jun 13
9 23 25 27 34 12 - 22 Jun 13
3 5 32 34 36 20 - 19 Jun 13
30 33 41 44 47 7 - 15 Jun 13
30 38 41 42 43 22 - 12 Jun 13
10 23 30 38 43 8 - 08 Jun 13
5 8 28 35 39 8 - 05 Jun 13
6 9 10 25 45 4 - 01 Jun 13
12 36 37 44 47 13 - 29 May 13
2 11 12 25 32 26 - 25 May 13
19 24 32 45 47 14 - 22 May 13
7 12 30 40 47 16 - 18 May 13
13 17 18 33 46 7 - 15 May 13
30 31 32 34 39 6 - 11 May 13
9 27 28 34 47 6 - 08 May 13
11 13 15 17 26 26 - 04 May 13
9 14 16 18 19 24 - 01 May 13
21 32 36 39 40 25 - 27 Apr 13
5 25 32 33 46 26 - 24 Apr 13
3 15 26 32 39 6 - 20 Apr 13
1 3 5 23 29 15 - 17 Apr 13
12 14 29 39 41 26 - 13 Apr 13
9 18 37 41 42 3 - 10 Apr 13
20 21 32 37 41 22 - 06 Apr 13
15 21 25 31 44 27 - 03 Apr 13
5 22 28 37 43 19 - 30 Mar 13
4 10 29 36 44 17 - 27 Mar 13
4 11 21 26 46 6 - 23 Mar 13
8 11 13 22 26 18 - 20 Mar 13
14 23 28 30 35 24 - 16 Mar 13
22 23 34 40 42 9 - 13 Mar 13
3 11 21 36 47 7 - 09 Mar 13
1 2 3 22 34 8 - 06 Mar 13
5 10 26 43 44 16 - 02 Mar 13
5 6 12 15 39 18 - 27 Feb 13
8 28 32 43 44 11 - 23 Feb 13
8 14 32 35 37 4 - 20 Feb 13
13 14 19 35 45 20 - 16 Feb 13
16 17 20 32 36 10 - 13 Feb 13
16 32 35 40 47 24 - 09 Feb 13
1 8 12 32 41 21 - 06 Feb 13
7 12 15 17 37 25 - 02 Feb 13
7 22 35 36 37 4 - 30 Jan 13
4 10 23 24 44 23 - 26 Jan 13
8 16 22 30 33 4 - 23 Jan 13
5 10 26 28 43 9 - 19 Jan 13
26 30 32 37 45 16 - 16 Jan 13
10 11 27 34 39 27 - 12 Jan 13
3 8 18 40 45 26 - 09 Jan 13
2 14 15 37 43 23 - 05 Jan 13
4 6 22 24 29 18 - 02 Jan 13
6 9 20 28 33 19 - 29 Dec 12
2 9 24 33 37 1 - 26 Dec 12
7 12 20 32 39 20 - 22 Dec 12
6 9 11 28 45 7 - 19 Dec 12
11 15 24 26 28 10 - 15 Dec 12
1 36 41 44 47 10 - 12 Dec 12
17 24 30 33 45 22 - 08 Dec 12
11 15 17 30 37 11 - 05 Dec 12
4 17 18 32 46 24 - 01 Dec 12
2 9 13 21 46 23 - 28 Nov 12
2 11 12 26 42 7 - 24 Nov 12
1 2 7 19 47 14 - 21 Nov 12
8 9 16 22 26 15 - 17 Nov 12
11 15 25 31 32 18 - 14 Nov 12
12 14 22 32 46 24 - 10 Nov 12
13 25 29 40 46 21 - 07 Nov 12
11 14 20 36 39 11 - 03 Nov 12
9 16 29 31 40 20 - 31 Oct 12
5 14 36 38 47 18 - 27 Oct 12
20 26 36 41 42 16 - 24 Oct 12
20 22 26 27 43 16 - 20 Oct 12
4 19 25 40 42 3 - 17 Oct 12
4 5 25 43 45 25 - 13 Oct 12
21 35 40 44 47 11 - 10 Oct 12
3 9 15 17 31 25 - 06 Oct 12
8 12 13 29 36 10 - 03 Oct 12
3 4 27 30 39 3 - 29 Sep 12
13 18 31 38 44 25 - 26 Sep 12
4 7 13 28 34 4 - 22 Sep 12
5 11 28 34 39 15 - 19 Sep 12
1 6 7 19 36 16 - 15 Sep 12
7 8 14 23 41 13 - 12 Sep 12
4 6 22 29 47 27 - 08 Sep 12
5 10 12 20 29 25 - 05 Sep 12
14 17 31 42 47 13 - 01 Sep 12
19 26 32 34 42 1 - 29 Aug 12
4 7 11 15 38 4 - 25 Aug 12
4 11 22 34 40 9 - 22 Aug 12
4 18 19 42 43 25 - 18 Aug 12
2 18 23 24 39 5 - 15 Aug 12
6 19 39 40 43 24 - 11 Aug 12
6 22 31 36 43 18 - 08 Aug 12
5 18 28 43 44 24 - 04 Aug 12
2 11 36 40 45 13 - 01 Aug 12
14 19 22 36 40 3 - 28 Jul 12
3 8 17 20 44 23 - 25 Jul 12
8 19 23 24 30 23 - 21 Jul 12
16 18 19 29 38 9 - 18 Jul 12
2 6 8 12 19 23 - 14 Jul 12
12 21 39 40 43 26 - 11 Jul 12
7 27 41 42 46 1 - 07 Jul 12
1 8 22 33 37 7 - 04 Jul 12
4 22 23 32 39 23 - 30 Jun 12
4 19 38 42 44 19 - 27 Jun 12
2 3 10 22 25 7 - 23 Jun 12
4 7 9 16 25 17 - 20 Jun 12
5 36 37 42 43 24 - 16 Jun 12
1 4 11 13 44 16 - 13 Jun 12
2 18 22 28 40 10 - 09 Jun 12
4 18 21 23 42 26 - 06 Jun 12
1 15 20 30 40 13 - 02 Jun 12
7 14 23 26 31 5 - 30 May 12
11 17 40 44 45 23 - 26 May 12
7 19 26 30 34 13 - 23 May 12
4 13 15 26 46 2 - 19 May 12
9 15 17 24 35 18 - 16 May 12
10 24 26 30 35 6 - 12 May 12
2 21 31 43 47 27 - 09 May 12
25 28 29 37 42 18 - 05 May 12
6 11 18 32 43 26 - 02 May 12
7 12 20 21 40 11 - 28 Apr 12
12 15 19 20 28 21 - 25 Apr 12
9 20 30 37 41 5 - 21 Apr 12
5 7 8 10 29 16 - 18 Apr 12
1 3 19 36 45 8 - 14 Apr 12
13 15 17 29 41 10 - 11 Apr 12
9 16 25 45 47 5 - 07 Apr 12
7 21 26 28 30 10 - 04 Apr 12
2 12 15 25 47 13 - 31 Mar 12
17 23 34 41 43 11 - 28 Mar 12
8 19 24 26 36 25 - 24 Mar 12
8 21 31 40 42 2 - 21 Mar 12
2 13 20 25 37 15 - 17 Mar 12
28 32 33 34 45 21 - 14 Mar 12
14 24 28 35 40 19 - 10 Mar 12
11 18 21 30 34 6 - 07 Mar 12
2 4 6 7 18 8 - 03 Mar 12
11 13 17 24 47 10 - 29 Feb 12
2 8 12 15 22 12 - 25 Feb 12
1 34 37 39 41 10 - 22 Feb 12
1 19 32 41 42 11 - 18 Feb 12
3 5 16 25 37 16 - 15 Feb 12
1 2 18 34 43 27 - 11 Feb 12
11 24 26 36 38 13 - 08 Feb 12
8 12 25 33 45 5 - 04 Feb 12
2 13 19 39 46 26 - 01 Feb 12
10 15 33 34 37 8 - 28 Jan 12
1 30 33 43 46 9 - 25 Jan 12
16 18 23 40 46 4 - 21 Jan 12
2 13 25 32 45 23 - 18 Jan 12
4 8 25 29 38 13 - 14 Jan 12
2 5 11 12 30 24 - 11 Jan 12
2 5 16 31 35 14 - 07 Jan 12
15 30 34 41 45 20 - 04 Jan 12
1 16 27 33 46 25 - 31 Dec 11
12 22 28 31 42 2 - 28 Dec 11
12 15 37 42 43 8 - 24 Dec 11
8 21 38 43 44 24 - 21 Dec 11
17 23 29 37 46 17 - 17 Dec 11
7 27 33 42 44 24 - 14 Dec 11
7 15 31 32 47 24 - 10 Dec 11
1 2 34 37 42 9 - 07 Dec 11
1 12 19 29 34 12 - 03 Dec 11
4 6 22 32 45 8 - 30 Nov 11
15 16 28 33 38 23 - 26 Nov 11
6 13 30 31 45 2 - 23 Nov 11
4 18 21 33 39 7 - 19 Nov 11
22 23 26 38 42 3 - 16 Nov 11
21 22 25 28 43 12 - 12 Nov 11
2 17 33 35 41 9 - 09 Nov 11
3 8 10 16 22 11 - 05 Nov 11
2 7 22 27 32 12 - 02 Nov 11
5 7 39 46 47 6 - 29 Oct 11
15 20 25 40 41 20 - 26 Oct 11
21 27 34 39 45 22 - 22 Oct 11
13 29 33 37 40 9 - 19 Oct 11
2 18 25 32 46 15 - 15 Oct 11
2 28 35 44 47 21 - 12 Oct 11
27 32 35 45 46 21 - 08 Oct 11
15 25 29 30 37 26 - 05 Oct 11
3 5 13 15 21 9 - 01 Oct 11
6 13 24 29 44 3 - 28 Sep 11
2 8 14 29 43 24 - 24 Sep 11
4 26 31 35 45 4 - 21 Sep 11
7 12 14 16 37 14 - 17 Sep 11
9 15 18 32 36 27 - 14 Sep 11
7 11 15 20 34 2 - 10 Sep 11
7 15 34 41 42 8 - 07 Sep 11
13 30 39 42 47 5 - 03 Sep 11
2 22 27 31 32 11 - 31 Aug 11
6 7 17 21 25 8 - 27 Aug 11
12 24 32 34 35 23 - 24 Aug 11
6 16 31 42 45 6 - 20 Aug 11
14 17 20 34 44 18 - 17 Aug 11
7 9 17 28 42 7 - 13 Aug 11
2 16 19 31 40 10 - 10 Aug 11
12 20 30 38 40 7 - 06 Aug 11
1 19 21 25 46 23 - 03 Aug 11
10 14 29 38 47 8 - 30 Jul 11
4 6 15 16 42 16 - 27 Jul 11
1 6 13 45 47 16 - 23 Jul 11
13 18 19 23 25 20 - 20 Jul 11
9 10 28 29 33 26 - 16 Jul 11
3 13 21 25 36 1 - 13 Jul 11
4 5 21 23 27 23 - 09 Jul 11
5 7 11 18 33 25 - 06 Jul 11
4 6 15 35 41 19 - 02 Jul 11
2 5 15 28 43 11 - 29 Jun 11
9 16 27 34 45 21 - 25 Jun 11
1 16 24 27 28 19 - 22 Jun 11
4 20 36 45 47 20 - 18 Jun 11
6 19 20 21 27 23 - 15 Jun 11
1 24 27 34 36 17 - 11 Jun 11
1 3 14 24 41 11 - 08 Jun 11
20 28 33 41 43 24 - 04 Jun 11
1 10 15 24 45 24 - 01 Jun 11
6 7 16 32 35 20 - 28 May 11
2 9 36 43 46 3 - 25 May 11
3 11 16 26 38 6 - 21 May 11
6 15 30 34 39 6 - 18 May 11
2 11 17 31 47 12 - 14 May 11
4 27 31 34 39 8 - 11 May 11
4 15 25 26 46 20 - 07 May 11
6 8 15 19 45 25 - 04 May 11
4 18 24 33 35 15 - 30 Apr 11
4 12 22 33 39 7 - 27 Apr 11
13 16 26 33 41 22 - 23 Apr 11
6 13 24 27 31 8 - 20 Apr 11
7 21 25 26 35 3 - 16 Apr 11
13 22 27 29 42 25 - 13 Apr 11
15 25 30 42 46 21 - 09 Apr 11
6 16 17 26 44 5 - 06 Apr 11
5 10 30 35 43 1 - 02 Apr 11
18 20 22 26 41 19 - 30 Mar 11
11 18 19 29 40 18 - 26 Mar 11
9 18 31 33 42 8 - 23 Mar 11
1 27 28 32 45 1 - 19 Mar 11
13 22 25 33 35 16 - 16 Mar 11
11 25 26 33 45 13 - 12 Mar 11
23 34 42 43 47 21 - 09 Mar 11
15 21 22 33 45 15 - 05 Mar 11
12 33 34 36 45 8 - 02 Mar 11
9 21 23 41 47 8 - 26 Feb 11
9 13 15 22 35 19 - 23 Feb 11
6 7 12 19 30 10 - 19 Feb 11
2 8 16 21 23 19 - 16 Feb 11
11 30 31 33 42 8 - 12 Feb 11
6 7 8 17 41 7 - 09 Feb 11
7 9 12 34 44 2 - 05 Feb 11
4 20 21 24 47 6 - 02 Feb 11
20 25 41 43 45 3 - 29 Jan 11
11 18 21 27 47 13 - 26 Jan 11
2 19 24 35 45 12 - 22 Jan 11
6 7 16 27 39 3 - 19 Jan 11
15 28 29 41 45 17 - 15 Jan 11
11 21 26 27 44 21 - 12 Jan 11
8 10 13 19 38 22 - 08 Jan 11
12 26 31 38 41 23 - 05 Jan 11
5 9 19 32 34 14 - 01 Jan 11
7 33 37 43 46 10 - 29 Dec 10
1 20 25 41 42 25 - 25 Dec 10
3 18 21 22 42 15 - 22 Dec 10
10 11 12 25 33 21 - 18 Dec 10
6 8 14 23 26 4 - 15 Dec 10
3 4 22 32 44 8 - 11 Dec 10
3 9 12 20 38 17 - 08 Dec 10
8 28 32 37 44 24 - 04 Dec 10
19 23 24 33 35 23 - 01 Dec 10
7 17 18 24 37 5 - 27 Nov 10
15 22 41 43 44 14 - 24 Nov 10
11 30 35 46 47 15 - 20 Nov 10
6 12 36 41 46 22 - 17 Nov 10
4 10 30 31 41 21 - 13 Nov 10
10 27 38 39 46 10 - 10 Nov 10
10 15 27 44 45 15 - 06 Nov 10
6 9 18 23 37 27 - 03 Nov 10
9 25 30 31 46 7 - 30 Oct 10
3 8 13 15 36 22 - 27 Oct 10
3 13 15 16 25 11 - 23 Oct 10
11 24 27 36 43 9 - 20 Oct 10
8 9 19 30 33 1 - 16 Oct 10
1 10 23 25 47 9 - 13 Oct 10
8 11 17 31 35 7 - 09 Oct 10
3 4 7 29 39 21 - 06 Oct 10
20 24 25 32 34 11 - 02 Oct 10
27 33 35 45 46 26 - 29 Sep 10
2 13 36 41 44 20 - 25 Sep 10
11 17 27 34 44 1 - 22 Sep 10
10 11 27 42 45 9 - 18 Sep 10
4 6 22 26 43 14 - 15 Sep 10
2 10 31 35 45 24 - 11 Sep 10
1 8 17 32 38 10 - 08 Sep 10
12 15 21 30 45 23 - 04 Sep 10
5 16 24 32 33 3 - 01 Sep 10
11 20 36 39 41 3 - 28 Aug 10
6 21 22 30 38 26 - 25 Aug 10
13 16 21 23 31 15 - 21 Aug 10
18 21 28 43 47 9 - 18 Aug 10
8 12 24 36 40 12 - 14 Aug 10
13 17 20 23 26 15 - 11 Aug 10
8 9 36 38 45 17 - 07 Aug 10
5 9 24 27 37 8 - 04 Aug 10
6 13 37 43 47 15 - 31 Jul 10
19 25 26 27 33 9 - 28 Jul 10
9 13 15 18 25 12 - 24 Jul 10
1 15 17 43 45 23 - 21 Jul 10
12 16 18 20 24 7 - 17 Jul 10
9 10 15 27 47 6 - 14 Jul 10
13 21 23 26 33 11 - 10 Jul 10
2 6 9 10 21 24 - 07 Jul 10
9 13 25 29 32 9 - 03 Jul 10
2 9 10 39 46 19 - 30 Jun 10
5 9 14 26 29 25 - 26 Jun 10
13 23 33 34 38 4 - 23 Jun 10
10 22 35 40 47 26 - 19 Jun 10
17 21 26 37 42 11 - 16 Jun 10
3 22 24 32 35 7 - 12 Jun 10
4 6 8 36 41 17 - 09 Jun 10
4 11 28 34 42 26 - 05 Jun 10
7 8 11 15 31 27 - 02 Jun 10
13 17 29 34 38 4 - 29 May 10
1 7 14 17 20 27 - 26 May 10
9 12 22 30 46 24 - 22 May 10
4 8 32 34 43 14 - 19 May 10
3 9 12 13 38 26 - 15 May 10
4 7 10 25 32 22 - 12 May 10
4 18 19 43 47 5 - 08 May 10
10 30 31 34 42 2 - 05 May 10
3 5 24 25 41 7 - 01 May 10
1 9 15 16 29 9 - 28 Apr 10
6 15 25 27 39 17 - 24 Apr 10
19 24 34 35 42 23 - 21 Apr 10
7 9 17 31 47 16 - 17 Apr 10
16 34 37 44 47 22 - 14 Apr 10
22 25 31 40 42 16 - 10 Apr 10
9 21 23 30 36 10 - 07 Apr 10
1 12 18 22 42 18 - 03 Apr 10
17 23 36 38 46 18 - 31 Mar 10
11 16 29 41 46 11 - 27 Mar 10
13 20 25 29 39 21 - 24 Mar 10
14 27 35 36 37 5 - 20 Mar 10
11 30 34 40 42 1 - 17 Mar 10
9 15 20 24 43 2 - 13 Mar 10
5 8 33 38 47 25 - 10 Mar 10
19 22 33 41 42 17 - 06 Mar 10
1 3 16 38 47 21 - 03 Mar 10
5 9 14 39 47 27 - 27 Feb 10
1 2 14 44 45 25 - 24 Feb 10
19 20 21 24 45 13 - 20 Feb 10
11 21 23 29 41 9 - 17 Feb 10
1 7 11 39 46 11 - 13 Feb 10
19 21 26 30 42 25 - 10 Feb 10
19 29 36 37 41 20 - 06 Feb 10
13 14 29 39 43 26 - 03 Feb 10
4 12 14 44 47 18 - 30 Jan 10
2 17 40 44 46 11 - 27 Jan 10
6 25 35 39 45 23 - 23 Jan 10
7 11 15 31 45 3 - 20 Jan 10
26 29 33 42 44 22 - 16 Jan 10
10 14 23 34 39 25 - 13 Jan 10
7 13 29 36 40 22 - 09 Jan 10
2 4 17 45 47 1 - 06 Jan 10
4 9 19 24 41 9 - 02 Jan 10
10 13 14 21 42 15 - 30 Dec 09
8 19 20 21 41 3 - 26 Dec 09
8 14 18 28 29 2 - 23 Dec 09
19 30 37 40 44 6 - 19 Dec 09
13 18 19 31 41 12 - 16 Dec 09
3 5 6 30 32 17 - 12 Dec 09
5 14 27 30 44 17 - 09 Dec 09
5 29 30 42 44 20 - 05 Dec 09
16 22 31 33 42 19 - 02 Dec 09
12 17 26 33 42 20 - 28 Nov 09
1 10 13 14 47 20 - 25 Nov 09
28 30 34 35 43 2 - 21 Nov 09
6 10 12 24 45 10 - 18 Nov 09
15 33 37 38 47 16 - 14 Nov 09
4 6 15 24 28 27 - 11 Nov 09
6 10 34 39 44 1 - 07 Nov 09
1 12 29 38 39 19 - 04 Nov 09
6 10 15 18 23 22 - 31 Oct 09
19 27 31 33 38 1 - 28 Oct 09
1 10 11 26 32 10 - 24 Oct 09
22 30 33 43 47 25 - 21 Oct 09
3 6 8 36 47 13 - 17 Oct 09
12 13 26 30 38 24 - 14 Oct 09
2 6 11 16 43 12 - 10 Oct 09
1 8 18 26 44 4 - 07 Oct 09
13 25 29 45 46 5 - 03 Oct 09
4 18 20 23 39 14 - 30 Sep 09
7 13 34 39 47 3 - 26 Sep 09
1 4 22 41 42 13 - 23 Sep 09
6 17 33 44 46 18 - 19 Sep 09
5 17 18 22 28 10 - 16 Sep 09
5 24 30 41 47 15 - 12 Sep 09
2 27 37 41 47 26 - 09 Sep 09
2 5 17 25 33 18 - 05 Sep 09
9 13 27 41 42 27 - 02 Sep 09
6 13 14 36 37 12 - 29 Aug 09
6 7 18 36 42 23 - 26 Aug 09
5 6 16 26 32 22 - 22 Aug 09
20 25 29 35 41 25 - 19 Aug 09
7 9 25 29 47 24 - 15 Aug 09
5 8 29 36 47 23 - 12 Aug 09
23 31 40 44 46 10 - 08 Aug 09
22 23 27 28 41 17 - 05 Aug 09
6 13 18 26 39 24 - 01 Aug 09
8 12 19 25 39 17 - 29 Jul 09
4 12 20 36 47 13 - 25 Jul 09
26 31 32 43 45 18 - 22 Jul 09
10 23 24 34 40 20 - 18 Jul 09
1 3 6 25 41 10 - 15 Jul 09
12 18 21 24 28 26 - 11 Jul 09
3 8 18 22 31 2 - 08 Jul 09
1 6 11 17 33 13 - 04 Jul 09
10 15 17 37 38 17 - 01 Jul 09
7 15 25 27 42 24 - 27 Jun 09
3 13 18 23 37 25 - 24 Jun 09
16 23 35 40 41 12 - 20 Jun 09
16 21 24 30 44 6 - 17 Jun 09
6 11 29 31 44 1 - 13 Jun 09
9 11 20 30 36 11 - 10 Jun 09
12 29 31 37 47 3 - 06 Jun 09
3 12 18 36 43 15 - 03 Jun 09
22 23 31 39 47 3 - 30 May 09
5 7 8 14 35 26 - 27 May 09
7 15 23 38 39 21 - 23 May 09
2 6 27 35 36 1 - 20 May 09
5 19 27 36 42 27 - 16 May 09
11 15 26 32 42 18 - 13 May 09
6 7 26 42 43 1 - 09 May 09
23 24 26 28 29 11 - 06 May 09
1 20 29 34 38 27 - 02 May 09
2 5 8 21 32 20 - 29 Apr 09
6 26 36 40 46 19 - 25 Apr 09
5 6 20 36 44 18 - 22 Apr 09
13 18 29 35 41 19 - 18 Apr 09
7 18 34 35 43 25 - 15 Apr 09
2 4 12 34 46 16 - 11 Apr 09
12 18 19 21 30 4 - 08 Apr 09
8 18 21 41 46 24 - 04 Apr 09
4 7 17 31 33 1 - 01 Apr 09
12 14 27 29 30 27 - 28 Mar 09
3 7 23 31 36 16 - 25 Mar 09
7 28 34 38 45 6 - 21 Mar 09
26 37 38 44 45 9 - 18 Mar 09
22 31 36 43 45 16 - 14 Mar 09
8 15 34 38 47 2 - 11 Mar 09
17 34 39 40 46 4 - 07 Mar 09
5 6 12 24 44 12 - 04 Mar 09
8 16 21 28 29 1 - 28 Feb 09
1 13 19 23 25 12 - 25 Feb 09
25 27 30 32 38 2 - 21 Feb 09
1 6 10 23 40 18 - 18 Feb 09
15 26 29 40 42 25 - 14 Feb 09
4 11 15 23 34 26 - 11 Feb 09
14 23 24 25 44 18 - 07 Feb 09
4 23 33 35 45 14 - 04 Feb 09
4 34 35 38 43 17 - 31 Jan 09
8 13 21 26 41 20 - 28 Jan 09
5 22 25 29 35 7 - 24 Jan 09
6 15 21 29 37 10 - 21 Jan 09
8 17 20 26 38 19 - 17 Jan 09
1 19 39 44 45 8 - 14 Jan 09
25 29 30 31 38 25 - 10 Jan 09
17 30 35 40 41 2 - 07 Jan 09
5 14 37 44 47 25 - 03 Jan 09
3 13 29 40 42 9 - 31 Dec 08
14 19 22 32 38 1 - 27 Dec 08
7 10 23 26 40 26 - 24 Dec 08
10 15 16 46 47 22 - 20 Dec 08
20 34 41 42 46 26 - 17 Dec 08
20 22 25 32 45 12 - 13 Dec 08
30 33 38 46 47 11 - 10 Dec 08
15 26 29 37 45 22 - 06 Dec 08
14 15 19 25 34 8 - 03 Dec 08
4 6 21 32 36 3 - 29 Nov 08
6 7 37 41 47 13 - 26 Nov 08
1 12 17 20 21 25 - 22 Nov 08
13 17 18 20 46 6 - 19 Nov 08
8 18 27 29 39 23 - 15 Nov 08
2 22 37 42 45 19 - 12 Nov 08
7 16 35 40 47 24 - 08 Nov 08
10 26 31 32 40 23 - 05 Nov 08
3 11 28 30 38 12 - 01 Nov 08
3 20 28 29 41 14 - 29 Oct 08
3 24 25 43 45 20 - 25 Oct 08
13 15 26 27 36 10 - 22 Oct 08
9 11 27 36 39 10 - 18 Oct 08
7 10 23 24 40 26 - 15 Oct 08
25 30 33 37 38 1 - 11 Oct 08
6 13 17 18 25 9 - 08 Oct 08
8 15 25 33 42 23 - 04 Oct 08
5 13 15 20 36 24 - 01 Oct 08
4 7 21 31 32 26 - 27 Sep 08
1 6 20 40 41 18 - 24 Sep 08
12 23 33 37 44 5 - 20 Sep 08
19 26 27 40 47 21 - 17 Sep 08
6 13 19 21 41 16 - 13 Sep 08
7 25 27 32 36 12 - 10 Sep 08
6 7 34 35 47 23 - 06 Sep 08
5 7 11 20 22 11 - 03 Sep 08
2 4 13 20 41 22 - 30 Aug 08
10 18 20 36 42 25 - 27 Aug 08
13 22 29 43 47 4 - 23 Aug 08
3 8 10 30 37 13 - 20 Aug 08
6 16 25 26 36 19 - 16 Aug 08
8 12 23 32 39 25 - 13 Aug 08
9 11 14 24 39 17 - 09 Aug 08
6 11 17 38 41 25 - 06 Aug 08
1 3 6 12 47 22 - 02 Aug 08
3 11 12 25 29 21 - 30 Jul 08
7 9 14 28 41 11 - 26 Jul 08
2 6 9 33 36 20 - 23 Jul 08
10 29 33 40 41 19 - 19 Jul 08
10 12 19 22 35 16 - 16 Jul 08
19 20 28 32 47 22 - 12 Jul 08
2 13 41 44 46 26 - 09 Jul 08
7 22 27 28 32 20 - 05 Jul 08
20 21 33 40 44 2 - 02 Jul 08
10 14 17 29 41 26 - 28 Jun 08
5 17 30 41 44 14 - 25 Jun 08
10 29 30 33 41 18 - 21 Jun 08
11 20 27 30 44 13 - 18 Jun 08
7 9 26 28 37 18 - 14 Jun 08
14 30 31 39 42 15 - 11 Jun 08
4 23 29 33 44 5 - 07 Jun 08
7 22 25 33 44 3 - 04 Jun 08
6 8 11 25 29 4 - 31 May 08
3 4 10 28 39 26 - 28 May 08
2 4 19 31 42 12 - 24 May 08
1 13 20 30 44 20 - 21 May 08
13 24 35 41 46 5 - 17 May 08
7 19 29 37 43 22 - 14 May 08
11 20 24 25 33 23 - 10 May 08
17 26 35 42 45 4 - 07 May 08
8 10 22 33 44 10 - 03 May 08
13 14 34 35 40 16 - 30 Apr 08
4 12 17 20 31 20 - 26 Apr 08
6 21 22 34 38 14 - 23 Apr 08
3 5 6 19 25 20 - 19 Apr 08
5 13 14 27 37 9 - 16 Apr 08
15 19 20 34 40 17 - 12 Apr 08
5 17 23 42 43 19 - 09 Apr 08
2 6 7 24 31 3 - 05 Apr 08
5 7 21 29 43 22 - 02 Apr 08
1 11 18 19 34 13 - 29 Mar 08
8 9 10 28 35 9 - 26 Mar 08
4 5 16 43 47 20 - 22 Mar 08
14 15 23 31 40 7 - 19 Mar 08
4 11 22 29 31 12 - 15 Mar 08
10 16 19 21 39 15 - 12 Mar 08
14 17 18 19 41 26 - 08 Mar 08
4 10 20 34 47 19 - 05 Mar 08
17 22 35 36 47 25 - 01 Mar 08
15 22 23 40 42 15 - 27 Feb 08
2 25 33 35 41 10 - 23 Feb 08
2 6 17 41 45 1 - 20 Feb 08
22 25 33 41 45 9 - 16 Feb 08
2 19 23 45 46 16 - 13 Feb 08
23 30 34 39 41 1 - 09 Feb 08
2 20 30 31 46 27 - 06 Feb 08
10 11 16 35 43 9 - 02 Feb 08
10 18 28 40 47 22 - 30 Jan 08
2 23 29 32 42 20 - 26 Jan 08
21 25 28 34 42 10 - 23 Jan 08
7 18 22 30 43 5 - 19 Jan 08
9 15 34 39 40 10 - 16 Jan 08
1 10 23 41 43 8 - 12 Jan 08
14 36 37 41 45 26 - 09 Jan 08
3 15 18 40 41 4 - 05 Jan 08
5 14 22 24 30 25 - 02 Jan 08
12 26 27 28 29 24 - 29 Dec 07
2 6 16 33 35 5 - 26 Dec 07
14 27 30 44 46 3 - 22 Dec 07
2 3 7 14 38 20 - 19 Dec 07
16 21 26 39 42 14 - 15 Dec 07
17 18 26 31 38 19 - 12 Dec 07
5 10 13 33 34 22 - 08 Dec 07
2 9 16 25 36 11 - 05 Dec 07
6 15 18 24 35 21 - 01 Dec 07
14 23 33 38 40 27 - 28 Nov 07
8 12 21 31 39 25 - 24 Nov 07
3 30 36 38 43 26 - 21 Nov 07
7 20 26 31 47 10 - 17 Nov 07
1 14 21 35 36 7 - 14 Nov 07
14 31 39 45 47 27 - 10 Nov 07
15 33 38 44 45 4 - 07 Nov 07
12 13 14 16 31 15 - 03 Nov 07
5 9 10 20 25 5 - 31 Oct 07
8 9 13 22 24 26 - 27 Oct 07
8 11 18 37 46 15 - 24 Oct 07
7 16 18 20 35 19 - 20 Oct 07
2 4 29 32 47 26 - 17 Oct 07
9 17 18 25 34 22 - 13 Oct 07
3 5 11 26 43 5 - 10 Oct 07
19 27 31 44 47 22 - 06 Oct 07
7 13 27 31 41 19 - 03 Oct 07
15 21 30 37 39 20 - 29 Sep 07
4 14 16 40 42 23 - 26 Sep 07
8 11 13 15 19 27 - 22 Sep 07
9 12 21 33 42 17 - 19 Sep 07
2 10 20 26 46 16 - 15 Sep 07
7 23 24 30 45 5 - 12 Sep 07
21 30 34 37 39 5 - 08 Sep 07
6 13 15 34 41 20 - 05 Sep 07
5 14 22 39 47 10 - 01 Sep 07
17 18 19 31 33 16 - 29 Aug 07
21 27 29 38 40 11 - 25 Aug 07
15 18 24 25 45 12 - 22 Aug 07
24 34 37 39 40 12 - 18 Aug 07
1 18 24 25 37 4 - 15 Aug 07
2 8 16 23 42 7 - 11 Aug 07
6 10 11 15 21 27 - 08 Aug 07
2 33 36 39 46 7 - 04 Aug 07
19 20 28 32 47 27 - 01 Aug 07
4 9 11 15 25 18 - 28 Jul 07
12 19 27 43 44 20 - 25 Jul 07
3 19 23 36 39 8 - 21 Jul 07
1 16 24 41 42 12 - 18 Jul 07
3 5 18 33 35 1 - 14 Jul 07
22 23 28 32 39 14 - 11 Jul 07
6 34 35 36 39 13 - 07 Jul 07
15 22 25 32 35 22 - 04 Jul 07
1 2 15 30 37 1 - 30 Jun 07
2 21 31 38 44 4 - 27 Jun 07
2 28 29 31 35 18 - 23 Jun 07
10 15 23 24 29 19 - 20 Jun 07
4 24 35 36 38 26 - 16 Jun 07
1 11 15 17 33 3 - 13 Jun 07
17 23 28 33 45 20 - 09 Jun 07
8 16 17 27 31 6 - 06 Jun 07
11 17 18 27 43 18 - 02 Jun 07
4 21 26 35 37 24 - 30 May 07
1 3 17 25 44 17 - 26 May 07
4 15 20 32 40 2 - 23 May 07
2 17 25 39 43 8 - 19 May 07
5 8 24 33 44 5 - 16 May 07
7 9 24 38 42 16 - 12 May 07
16 17 24 25 46 10 - 09 May 07
1 16 18 34 38 17 - 05 May 07
3 5 12 20 24 6 - 02 May 07
6 14 16 24 41 10 - 28 Apr 07
13 14 26 36 40 2 - 25 Apr 07
2 12 20 36 46 15 - 21 Apr 07
2 5 14 34 36 9 - 18 Apr 07
4 27 29 34 38 16 - 14 Apr 07
5 13 19 27 33 19 - 11 Apr 07
6 15 25 39 47 17 - 07 Apr 07
17 18 22 26 35 10 - 04 Apr 07
3 7 18 33 40 2 - 31 Mar 07
8 11 26 36 41 25 - 28 Mar 07
9 16 29 43 46 14 - 24 Mar 07
10 15 23 30 38 3 - 21 Mar 07
6 17 27 36 41 3 - 17 Mar 07
4 15 17 20 35 23 - 14 Mar 07
3 6 8 17 32 2 - 10 Mar 07
5 25 26 39 41 25 - 07 Mar 07
1 15 21 28 34 14 - 03 Mar 07
3 9 13 26 42 2 - 28 Feb 07
13 19 24 28 37 26 - 24 Feb 07
31 32 36 39 46 18 - 21 Feb 07
1 21 39 45 46 9 - 17 Feb 07
12 15 37 39 47 5 - 14 Feb 07
24 26 30 32 45 26 - 10 Feb 07
18 20 31 32 33 4 - 07 Feb 07
7 21 32 37 46 25 - 03 Feb 07
7 14 17 18 32 21 - 31 Jan 07
11 13 18 21 36 16 - 27 Jan 07
3 10 33 36 43 10 - 24 Jan 07
18 19 34 38 42 17 - 20 Jan 07
22 24 31 33 40 22 - 17 Jan 07
7 16 18 29 46 19 - 13 Jan 07
6 10 20 42 45 21 - 10 Jan 07
8 27 28 33 40 15 - 06 Jan 07
8 15 31 42 46 6 - 03 Jan 07
4 13 26 27 47 21 - 30 Dec 06
1 21 30 39 40 4 - 27 Dec 06
6 17 18 30 46 2 - 23 Dec 06
6 12 21 26 36 10 - 20 Dec 06
10 14 40 42 47 21 - 16 Dec 06
7 12 20 25 33 7 - 13 Dec 06
4 6 7 17 23 16 - 09 Dec 06
1 4 17 36 42 24 - 06 Dec 06
2 17 19 30 39 12 - 02 Dec 06
11 12 21 30 40 10 - 29 Nov 06
6 9 18 20 37 10 - 25 Nov 06
2 14 30 40 44 10 - 22 Nov 06
10 25 26 35 45 23 - 18 Nov 06
18 20 32 34 40 7 - 15 Nov 06
12 20 25 35 43 17 - 11 Nov 06
10 13 21 30 46 6 - 08 Nov 06
13 26 29 31 33 9 - 04 Nov 06
9 10 19 25 43 12 - 01 Nov 06
7 14 27 35 40 15 - 28 Oct 06
6 11 30 39 46 16 - 25 Oct 06
6 10 11 27 28 4 - 21 Oct 06
7 15 23 27 44 19 - 18 Oct 06
5 12 13 35 47 14 - 14 Oct 06
1 4 20 29 30 17 - 11 Oct 06
5 15 21 29 44 4 - 07 Oct 06
12 15 32 43 45 11 - 04 Oct 06
15 20 22 27 47 18 - 30 Sep 06
10 16 21 28 29 3 - 27 Sep 06
10 14 39 42 46 1 - 23 Sep 06
3 22 24 32 39 22 - 20 Sep 06
17 24 30 31 36 12 - 16 Sep 06
9 10 23 26 37 27 - 13 Sep 06
7 10 11 12 25 15 - 09 Sep 06
24 41 43 44 46 22 - 06 Sep 06
11 15 22 42 46 6 - 02 Sep 06
15 19 27 31 34 2 - 30 Aug 06
5 10 24 26 38 23 - 26 Aug 06
11 14 23 28 43 18 - 23 Aug 06
7 23 25 34 41 27 - 19 Aug 06
6 10 26 32 37 3 - 16 Aug 06
10 12 34 37 47 8 - 12 Aug 06
7 10 13 19 35 12 - 09 Aug 06
6 19 23 35 40 20 - 05 Aug 06
1 2 8 16 32 10 - 02 Aug 06
1 16 28 32 45 3 - 29 Jul 06
2 10 13 18 20 21 - 26 Jul 06
13 18 21 46 47 23 - 22 Jul 06
9 15 22 36 44 13 - 19 Jul 06
15 27 33 34 44 20 - 15 Jul 06
9 16 20 32 45 8 - 12 Jul 06
21 31 37 41 47 11 - 08 Jul 06
2 9 12 20 34 16 - 05 Jul 06
1 17 19 32 43 25 - 01 Jul 06
4 10 15 17 29 22 - 28 Jun 06
4 20 36 41 44 13 - 24 Jun 06
15 22 26 27 37 23 - 21 Jun 06
6 9 10 22 25 4 - 17 Jun 06
9 12 36 38 41 5 - 14 Jun 06
7 19 20 31 42 13 - 10 Jun 06
1 11 14 30 31 12 - 07 Jun 06
7 10 17 19 29 20 - 03 Jun 06
9 15 23 39 44 2 - 31 May 06
9 14 20 24 30 26 - 27 May 06
7 15 22 41 45 11 - 24 May 06
15 23 28 38 40 18 - 20 May 06
7 26 27 35 38 14 - 17 May 06
3 8 28 40 42 11 - 13 May 06
5 6 42 44 45 15 - 10 May 06
6 20 27 37 43 22 - 06 May 06
2 9 11 27 28 27 - 03 May 06
7 12 21 43 46 16 - 29 Apr 06
13 24 31 33 39 27 - 26 Apr 06
1 13 15 18 31 15 - 22 Apr 06
12 19 23 34 47 19 - 19 Apr 06
5 13 15 20 45 8 - 15 Apr 06
7 31 32 36 41 18 - 12 Apr 06
24 29 31 34 46 26 - 08 Apr 06
11 27 34 39 43 21 - 05 Apr 06
14 19 26 36 40 20 - 01 Apr 06
7 21 27 32 41 3 - 29 Mar 06
4 21 27 34 38 25 - 25 Mar 06
1 2 4 6 35 17 - 22 Mar 06
4 20 34 35 44 22 - 18 Mar 06
2 10 15 27 41 2 - 15 Mar 06
3 11 21 29 46 5 - 11 Mar 06
3 16 20 30 34 13 - 08 Mar 06
4 8 9 21 29 12 - 04 Mar 06
3 16 22 31 42 18 - 01 Mar 06
6 21 36 39 46 3 - 25 Feb 06
10 16 21 25 34 1 - 22 Feb 06
10 13 27 43 46 23 - 18 Feb 06
8 10 18 31 36 15 - 15 Feb 06
4 12 20 32 36 10 - 11 Feb 06
2 3 6 9 35 1 - 08 Feb 06
1 3 4 21 25 3 - 04 Feb 06
20 24 25 27 44 6 - 01 Feb 06
3 9 13 27 33 13 - 28 Jan 06
7 14 20 21 47 24 - 25 Jan 06
2 17 33 41 43 5 - 21 Jan 06
4 7 10 16 17 24 - 18 Jan 06
4 23 25 36 46 13 - 14 Jan 06
6 24 25 36 43 17 - 11 Jan 06
5 17 29 32 39 3 - 07 Jan 06
5 15 19 20 35 20 - 04 Jan 06
20 28 38 42 43 27 - 31 Dec 05
3 4 20 39 40 3 - 28 Dec 05
7 22 23 26 40 25 - 24 Dec 05
24 30 34 37 43 27 - 21 Dec 05
8 10 23 36 47 20 - 17 Dec 05
3 15 23 32 39 27 - 14 Dec 05
34 38 40 44 46 18 - 10 Dec 05
4 5 6 31 44 21 - 07 Dec 05
12 19 26 30 45 6 - 03 Dec 05
7 16 19 32 36 24 - 30 Nov 05
4 17 43 44 47 21 - 26 Nov 05
5 7 11 24 38 19 - 23 Nov 05
4 5 15 32 42 2 - 19 Nov 05
13 15 22 30 38 20 - 16 Nov 05
4 10 11 12 32 13 - 12 Nov 05
5 7 21 30 34 24 - 09 Nov 05
3 14 15 27 41 17 - 05 Nov 05
5 13 34 40 46 6 - 02 Nov 05
1 11 16 29 39 13 - 29 Oct 05
9 10 23 33 34 22 - 26 Oct 05
12 18 36 39 45 5 - 22 Oct 05
10 12 30 34 39 19 - 19 Oct 05
8 30 39 42 46 8 - 15 Oct 05
2 25 33 39 44 11 - 12 Oct 05
13 27 36 43 44 7 - 08 Oct 05
8 13 19 22 40 17 - 05 Oct 05
2 19 33 35 40 8 - 01 Oct 05
2 17 28 37 45 5 - 28 Sep 05
7 13 23 28 33 2 - 24 Sep 05
3 30 34 37 41 18 - 21 Sep 05
7 10 25 28 31 23 - 17 Sep 05
5 13 22 35 40 20 - 14 Sep 05
5 11 12 19 39 10 - 10 Sep 05
11 24 25 26 41 17 - 07 Sep 05
11 15 18 35 46 18 - 03 Sep 05
2 8 13 23 27 15 - 31 Aug 05
7 18 20 22 42 9 - 27 Aug 05
16 21 27 38 40 23 - 24 Aug 05
3 8 16 22 35 17 - 20 Aug 05
16 19 21 31 42 9 - 17 Aug 05
17 25 42 44 45 24 - 13 Aug 05
1 13 21 32 41 7 - 10 Aug 05
12 29 32 35 43 1 - 06 Aug 05
3 12 31 39 47 7 - 03 Aug 05
1 3 20 34 45 27 - 30 Jul 05
5 8 17 21 35 21 - 27 Jul 05
14 15 22 29 36 5 - 23 Jul 05
13 24 35 37 40 20 - 20 Jul 05
13 17 22 31 40 6 - 16 Jul 05
6 8 13 30 32 9 - 13 Jul 05
21 23 26 27 35 12 - 09 Jul 05
1 5 6 18 35 15 - 06 Jul 05
8 9 21 31 33 11 - 02 Jul 05
13 23 25 30 44 10 - 29 Jun 05
18 25 27 31 33 19 - 25 Jun 05
4 6 7 34 39 9 - 22 Jun 05
5 25 28 36 42 8 - 18 Jun 05
34 40 42 44 45 12 - 15 Jun 05
2 7 20 39 42 5 - 11 Jun 05
21 24 34 40 45 26 - 08 Jun 05
14 15 39 42 45 11 - 04 Jun 05
2 8 22 29 47 22 - 01 Jun 05
5 19 35 38 46 13 - 28 May 05
4 15 23 26 47 23 - 25 May 05
3 8 17 18 22 2 - 21 May 05
12 16 25 31 45 20 - 18 May 05
15 16 40 42 43 16 - 14 May 05
2 5 21 25 38 11 - 11 May 05
12 14 19 43 47 19 - 07 May 05
7 16 20 44 45 18 - 04 May 05
11 15 28 36 37 15 - 30 Apr 05
4 6 17 29 31 8 - 27 Apr 05
10 11 16 22 29 25 - 23 Apr 05
7 13 15 28 31 9 - 20 Apr 05
2 19 21 23 43 2 - 16 Apr 05
34 38 42 43 45 19 - 13 Apr 05
12 15 17 19 44 18 - 09 Apr 05
21 22 26 29 39 16 - 06 Apr 05
8 13 16 19 43 6 - 02 Apr 05
1 22 25 36 43 17 - 30 Mar 05
3 11 18 41 43 6 - 26 Mar 05
9 23 26 31 36 10 - 23 Mar 05
10 16 27 41 43 21 - 19 Mar 05
1 2 6 38 41 27 - 16 Mar 05
6 7 17 38 46 4 - 12 Mar 05
1 12 30 38 40 2 - 09 Mar 05
19 26 33 38 46 1 - 05 Mar 05
8 10 19 21 30 27 - 02 Mar 05
7 9 23 30 40 5 - 26 Feb 05
4 10 15 23 39 26 - 23 Feb 05
2 5 20 22 47 11 - 19 Feb 05
7 12 16 26 40 21 - 16 Feb 05
21 30 31 37 39 5 - 12 Feb 05
5 6 7 17 23 23 - 09 Feb 05
11 29 30 34 43 13 - 05 Feb 05
2 9 13 20 44 27 - 02 Feb 05
10 19 30 41 45 9 - 29 Jan 05
2 3 27 28 46 24 - 26 Jan 05
5 10 20 36 38 4 - 22 Jan 05
2 9 27 30 45 13 - 19 Jan 05
3 7 29 30 41 10 - 15 Jan 05
3 17 20 28 44 21 - 12 Jan 05
12 15 23 32 37 18 - 08 Jan 05
9 11 32 41 42 2 - 05 Jan 05
25 34 35 41 42 18 - 01 Jan 05
1 5 6 17 43 5 - 29 Dec 04
6 10 26 30 34 26 - 25 Dec 04
18 20 32 34 44 12 - 22 Dec 04
19 21 24 35 41 21 - 18 Dec 04
1 7 10 28 40 2 - 15 Dec 04
1 5 13 18 42 12 - 11 Dec 04
1 6 14 33 36 10 - 08 Dec 04
1 15 30 39 47 19 - 04 Dec 04
4 5 9 20 34 23 - 01 Dec 04
2 21 23 36 45 9 - 27 Nov 04
1 3 12 28 47 9 - 24 Nov 04
2 8 22 39 44 16 - 20 Nov 04
16 23 36 44 47 10 - 17 Nov 04
5 10 11 14 32 6 - 13 Nov 04
4 5 28 34 38 9 - 10 Nov 04
18 22 26 38 40 9 - 06 Nov 04
2 14 35 37 47 7 - 03 Nov 04
1 16 29 35 41 9 - 30 Oct 04
10 14 30 38 42 22 - 27 Oct 04
15 17 23 33 45 15 - 23 Oct 04
1 10 31 45 47 17 - 20 Oct 04
1 28 29 40 43 20 - 16 Oct 04
8 11 20 22 45 18 - 13 Oct 04
9 17 21 35 45 6 - 09 Oct 04
9 18 31 42 45 26 - 06 Oct 04
7 13 16 37 38 14 - 02 Oct 04
20 22 28 42 46 14 - 29 Sep 04
16 26 33 35 45 6 - 25 Sep 04
16 18 23 34 45 14 - 22 Sep 04
11 22 24 31 39 22 - 18 Sep 04
7 22 28 30 37 11 - 15 Sep 04
8 11 15 29 36 14 - 11 Sep 04
7 10 29 35 40 21 - 08 Sep 04
6 14 22 25 31 7 - 04 Sep 04
5 9 29 36 41 13 - 01 Sep 04
17 18 28 33 39 19 - 28 Aug 04
2 12 14 30 44 17 - 25 Aug 04
11 16 19 20 34 18 - 21 Aug 04
4 23 26 28 39 5 - 18 Aug 04
9 23 26 28 47 13 - 14 Aug 04
2 13 32 34 35 20 - 11 Aug 04
8 11 16 22 46 16 - 07 Aug 04
1 24 27 35 43 12 - 04 Aug 04
3 33 37 42 45 17 - 31 Jul 04
5 12 17 34 39 5 - 28 Jul 04
9 15 26 30 43 20 - 24 Jul 04
12 14 40 41 43 12 - 21 Jul 04
7 11 20 30 35 4 - 17 Jul 04
7 29 40 44 46 2 - 14 Jul 04
2 6 13 25 47 12 - 10 Jul 04
13 14 19 21 30 15 - 07 Jul 04
1 7 9 24 32 15 - 03 Jul 04
5 23 34 45 47 4 - 30 Jun 04
6 29 30 41 43 15 - 26 Jun 04
8 12 13 14 18 18 - 23 Jun 04
15 21 23 27 37 11 - 19 Jun 04
21 28 30 33 35 6 - 16 Jun 04
4 18 29 31 38 20 - 12 Jun 04
2 13 15 21 46 4 - 09 Jun 04
3 11 16 42 46 5 - 05 Jun 04
3 14 22 35 43 15 - 02 Jun 04
11 21 32 40 47 25 - 29 May 04
12 20 33 38 42 6 - 26 May 04
5 7 31 36 44 2 - 22 May 04
3 7 11 17 43 20 - 19 May 04
34 35 38 39 45 26 - 15 May 04
3 11 13 16 33 11 - 12 May 04
1 5 11 28 38 5 - 08 May 04
12 22 25 42 45 4 - 05 May 04
3 20 27 34 37 11 - 01 May 04
1 14 22 34 44 15 - 28 Apr 04
6 10 22 36 43 20 - 24 Apr 04
9 13 26 31 36 17 - 21 Apr 04
13 15 32 33 42 5 - 17 Apr 04
1 6 19 45 46 27 - 14 Apr 04
13 22 23 29 47 11 - 10 Apr 04
23 35 40 45 47 3 - 07 Apr 04
12 13 14 17 47 20 - 03 Apr 04
10 36 39 44 47 14 - 31 Mar 04
6 9 24 40 42 26 - 27 Mar 04
17 21 30 36 44 20 - 24 Mar 04
8 22 30 33 38 20 - 20 Mar 04
1 3 22 36 44 18 - 17 Mar 04
11 23 30 35 40 18 - 13 Mar 04
4 20 23 29 41 5 - 10 Mar 04
3 7 9 29 40 11 - 06 Mar 04
2 17 29 44 47 5 - 03 Mar 04
13 28 43 44 45 15 - 28 Feb 04
18 22 27 28 29 2 - 25 Feb 04
9 13 19 20 21 9 - 21 Feb 04
16 25 26 29 33 1 - 18 Feb 04
21 22 31 36 45 10 - 14 Feb 04
10 22 24 28 41 5 - 11 Feb 04
7 9 12 24 35 12 - 07 Feb 04
3 9 20 26 42 23 - 04 Feb 04
33 35 36 45 47 13 - 31 Jan 04
11 14 20 26 47 26 - 28 Jan 04
3 9 25 33 38 18 - 24 Jan 04
6 7 13 15 33 12 - 21 Jan 04
1 3 6 16 36 19 - 17 Jan 04
1 2 4 34 36 22 - 14 Jan 04
3 6 23 28 30 19 - 10 Jan 04
9 28 32 40 42 2 - 07 Jan 04
5 9 13 16 21 4 - 03 Jan 04
4 13 26 31 46 26 - 27 Sep 03
10 21 24 32 33 9 - 24 Sep 03
7 25 27 40 44 17 - 20 Sep 03
4 7 26 38 47 23 - 17 Sep 03
1 3 15 35 36 23 - 13 Sep 03
7 20 27 34 43 6 - 10 Sep 03
16 20 28 31 41 19 - 06 Sep 03
1 16 25 27 32 12 - 03 Sep 03
3 25 28 46 47 12 - 30 Aug 03
6 13 21 40 47 9 - 27 Aug 03
8 18 28 41 42 21 - 23 Aug 03
6 7 24 31 47 10 - 20 Aug 03
3 15 26 27 29 23 - 16 Aug 03
2 19 24 31 33 19 - 13 Aug 03
12 19 22 31 34 7 - 09 Aug 03
20 26 32 34 35 24 - 06 Aug 03
6 20 30 35 46 20 - 02 Aug 03
6 12 25 26 42 7 - 30 Jul 03
7 18 21 22 45 9 - 26 Jul 03
19 20 23 26 34 12 - 23 Jul 03
8 18 24 38 42 22 - 19 Jul 03
31 35 36 42 44 24 - 16 Jul 03
18 23 25 37 44 25 - 12 Jul 03
2 5 20 23 46 15 - 09 Jul 03
14 16 21 30 34 10 - 05 Jul 03
4 9 13 38 44 13 - 02 Jul 03
1 5 11 13 18 22 - 28 Jun 03
9 17 22 25 28 10 - 25 Jun 03
8 11 29 40 42 6 - 21 Jun 03
33 36 41 42 43 14 - 18 Jun 03
19 20 22 41 45 18 - 14 Jun 03
4 7 9 19 31 6 - 11 Jun 03
2 3 8 23 36 9 - 07 Jun 03
2 5 35 43 47 12 - 04 Jun 03
5 21 23 27 38 24 - 31 May 03
4 5 34 38 42 23 - 28 May 03
6 18 26 28 46 17 - 24 May 03
13 14 31 42 43 6 - 21 May 03
4 11 12 15 36 10 - 17 May 03
2 7 20 42 45 26 - 14 May 03
17 20 29 38 40 4 - 10 May 03
21 26 28 35 46 13 - 07 May 03
17 19 24 35 42 20 - 03 May 03
9 12 21 26 36 27 - 30 Apr 03
1 9 29 31 35 3 - 26 Apr 03
21 33 37 44 45 22 - 23 Apr 03
16 21 26 32 36 20 - 19 Apr 03
12 14 18 31 46 7 - 16 Apr 03
1 2 6 27 34 23 - 12 Apr 03
8 14 25 27 46 14 - 09 Apr 03
4 13 21 35 38 16 - 05 Apr 03
2 6 7 8 15 14 - 02 Apr 03
2 4 16 31 43 11 - 29 Mar 03
10 11 12 19 44 20 - 26 Mar 03
3 4 20 33 44 24 - 22 Mar 03
9 17 22 30 36 13 - 19 Mar 03
11 33 38 42 46 26 - 15 Mar 03
4 5 12 18 37 23 - 12 Mar 03
13 15 17 29 38 2 - 08 Mar 03
3 5 8 24 39 19 - 05 Mar 03
8 12 23 25 26 1 - 01 Mar 03
13 23 37 38 40 9 - 26 Feb 03
15 24 26 32 37 18 - 22 Feb 03
1 5 9 29 38 25 - 19 Feb 03
14 15 20 35 44 26 - 15 Feb 03
12 26 27 38 43 18 - 12 Feb 03
6 10 37 38 42 4 - 08 Feb 03
5 14 26 30 33 5 - 05 Feb 03
23 28 32 41 47 26 - 01 Feb 03
4 6 21 36 46 11 - 29 Jan 03
2 4 5 20 47 26 - 25 Jan 03
7 9 18 23 45 12 - 22 Jan 03
8 18 19 24 32 20 - 18 Jan 03
8 17 29 35 44 1 - 15 Jan 03
6 21 22 40 45 10 - 11 Jan 03
14 16 21 38 41 14 - 08 Jan 03
9 23 28 41 47 7 - 04 Jan 03
13 15 20 32 33 10 - 01 Jan 03
7 9 16 24 36 5 - 28 Dec 02
11 22 30 41 45 1 - 25 Dec 02
21 29 32 33 38 2 - 21 Dec 02
9 18 31 39 43 20 - 18 Dec 02
9 22 24 30 47 13 - 14 Dec 02
3 17 29 32 35 14 - 11 Dec 02
8 19 32 39 45 8 - 07 Dec 02
8 24 29 36 41 13 - 04 Dec 02
9 25 28 39 47 1 - 30 Nov 02
5 8 13 20 46 3 - 27 Nov 02
6 8 13 27 45 14 - 23 Nov 02
7 10 21 41 47 4 - 20 Nov 02
1 8 16 29 47 27 - 16 Nov 02
2 11 27 36 43 9 - 13 Nov 02
2 13 21 22 28 9 - 09 Nov 02
2 5 17 22 43 10 - 06 Nov 02
6 9 32 43 44 23 - 02 Nov 02
3 11 25 35 38 18 - 30 Oct 02
9 13 38 42 47 26 - 26 Oct 02
17 22 24 25 38 18 - 23 Oct 02
7 8 20 22 29 10 - 19 Oct 02
8 11 15 25 37 27 - 16 Oct 02
2 3 14 18 24 23 - 12 Oct 02
5 18 21 33 39 11 - 09 Oct 02
4 12 14 28 42 7 - 05 Oct 02
4 16 19 27 36 7 - 02 Oct 02
6 21 34 35 40 7 - 28 Sep 02
13 17 22 24 42 19 - 25 Sep 02
8 32 37 38 43 25 - 21 Sep 02
10 18 23 27 41 22 - 18 Sep 02
16 20 30 43 46 22 - 14 Sep 02
3 5 20 29 41 26 - 11 Sep 02
9 15 16 36 46 16 - 07 Sep 02
13 14 32 34 47 13 - 04 Sep 02
5 6 8 18 24 7 - 31 Aug 02
12 15 16 24 46 12 - 28 Aug 02
6 9 17 27 35 24 - 24 Aug 02
6 10 19 38 43 21 - 21 Aug 02
1 3 4 11 19 1 - 17 Aug 02
6 12 18 24 25 5 - 14 Aug 02
10 29 32 41 43 11 - 10 Aug 02
5 16 25 34 44 3 - 07 Aug 02
11 20 23 35 37 26 - 03 Aug 02
2 4 31 32 46 21 - 31 Jul 02
3 11 20 42 45 3 - 27 Jul 02
2 18 32 44 45 3 - 24 Jul 02
15 18 27 31 34 21 - 20 Jul 02
16 24 26 30 44 10 - 17 Jul 02
3 13 17 27 39 20 - 13 Jul 02
5 11 27 28 39 20 - 10 Jul 02
8 10 16 21 27 16 - 06 Jul 02
7 14 15 26 36 13 - 03 Jul 02
4 5 18 23 36 13 - 29 Jun 02
4 8 16 26 33 21 - 26 Jun 02
7 25 27 40 45 14 - 22 Jun 02
8 10 14 17 46 8 - 19 Jun 02
2 11 14 33 35 15 - 15 Jun 02
2 7 33 35 40 4 - 12 Jun 02
26 38 40 41 42 11 - 08 Jun 02
4 6 23 44 45 1 - 05 Jun 02
7 23 25 33 35 15 - 01 Jun 02
1 4 15 30 34 23 - 29 May 02
1 5 9 30 39 11 - 25 May 02
7 9 17 35 47 9 - 22 May 02
1 2 4 16 34 10 - 18 May 02
2 7 21 30 35 22 - 15 May 02
4 14 28 40 45 24 - 11 May 02
5 21 24 33 45 22 - 08 May 02
9 10 25 26 40 8 - 04 May 02
39 40 45 46 47 11 - 01 May 02
5 14 32 40 43 11 - 27 Apr 02
1 15 27 28 30 16 - 24 Apr 02
3 10 24 29 30 22 - 20 Apr 02
4 8 11 13 44 9 - 17 Apr 02
8 13 17 19 37 25 - 13 Apr 02
9 12 17 24 45 17 - 10 Apr 02
17 24 34 38 43 21 - 06 Apr 02
5 14 20 25 36 1 - 03 Apr 02
18 28 33 39 42 12 - 30 Mar 02
8 12 13 30 44 8 - 27 Mar 02
5 12 33 41 46 27 - 23 Mar 02
11 14 32 33 45 9 - 20 Mar 02
2 8 25 42 46 8 - 16 Mar 02
1 10 28 30 34 10 - 13 Mar 02
22 24 25 26 46 19 - 09 Mar 02
2 3 10 27 46 16 - 06 Mar 02
13 28 34 43 44 11 - 02 Mar 02
13 26 29 37 42 7 - 27 Feb 02
6 27 38 39 41 27 - 23 Feb 02
11 17 40 46 47 25 - 20 Feb 02
6 11 31 32 39 20 - 16 Feb 02
1 4 19 28 46 4 - 13 Feb 02
8 22 28 37 43 6 - 09 Feb 02
3 32 36 42 46 24 - 06 Feb 02
13 17 20 41 46 2 - 02 Feb 02
1 21 30 33 45 21 - 30 Jan 02
1 21 29 35 47 16 - 26 Jan 02
1 14 23 24 43 3 - 23 Jan 02
1 7 24 44 45 23 - 19 Jan 02
16 19 20 28 46 24 - 16 Jan 02
20 24 27 28 47 15 - 12 Jan 02
7 10 28 29 30 21 - 09 Jan 02
23 28 29 38 39 11 - 05 Jan 02
3 4 12 17 39 3 - 02 Jan 02
10 12 20 28 42 1 - 29 Dec 01
3 9 15 26 39 6 - 26 Dec 01
3 9 18 26 33 9 - 22 Dec 01
10 16 24 32 37 22 - 19 Dec 01
4 25 29 36 44 18 - 15 Dec 01
3 15 24 30 46 8 - 12 Dec 01
3 10 29 30 37 20 - 08 Dec 01
19 20 26 34 46 22 - 05 Dec 01
10 16 20 43 45 20 - 01 Dec 01
2 18 36 43 45 16 - 28 Nov 01
23 24 30 36 37 20 - 24 Nov 01
14 15 28 39 47 22 - 21 Nov 01
4 14 29 31 46 1 - 17 Nov 01
4 14 30 38 40 19 - 14 Nov 01
14 19 34 37 42 26 - 10 Nov 01
9 32 34 43 46 22 - 07 Nov 01
24 32 33 36 45 18 - 03 Nov 01
14 28 29 31 42 3 - 31 Oct 01
9 10 27 28 41 14 - 27 Oct 01
23 32 38 41 42 27 - 24 Oct 01
15 29 30 46 47 24 - 20 Oct 01
5 8 11 21 40 17 - 17 Oct 01
15 18 28 36 43 6 - 13 Oct 01
8 11 29 43 44 10 - 10 Oct 01
4 16 26 32 35 2 - 06 Oct 01
4 38 39 40 44 17 - 03 Oct 01
5 9 27 38 46 8 - 29 Sep 01
3 14 24 26 47 6 - 26 Sep 01
4 16 28 35 41 17 - 22 Sep 01
2 14 24 44 46 10 - 19 Sep 01
1 4 37 38 41 15 - 15 Sep 01
3 9 13 24 30 12 - 12 Sep 01
10 11 33 39 40 25 - 08 Sep 01
26 27 31 43 45 3 - 05 Sep 01
16 21 34 41 47 17 - 01 Sep 01
5 16 22 26 33 22 - 29 Aug 01
3 4 20 40 45 26 - 25 Aug 01
26 28 34 37 43 23 - 22 Aug 01
24 26 29 35 38 23 - 18 Aug 01
1 18 20 45 46 5 - 15 Aug 01
14 16 20 41 45 24 - 11 Aug 01
3 5 16 19 39 14 - 08 Aug 01
2 9 12 30 44 18 - 04 Aug 01
12 22 29 37 43 7 - 01 Aug 01
5 13 34 36 46 2 - 28 Jul 01
6 32 34 39 46 18 - 25 Jul 01
15 20 24 27 43 20 - 21 Jul 01
5 26 32 33 37 5 - 18 Jul 01
5 19 31 35 44 12 - 14 Jul 01
1 8 35 39 44 16 - 11 Jul 01
9 18 36 38 47 14 - 07 Jul 01
6 16 32 33 47 1 - 04 Jul 01
11 21 30 41 46 16 - 30 Jun 01
1 5 15 37 45 16 - 27 Jun 01
3 22 43 44 45 8 - 23 Jun 01
2 8 31 32 46 13 - 20 Jun 01
2 5 19 29 42 17 - 16 Jun 01
9 13 26 32 47 6 - 13 Jun 01
1 6 18 33 36 2 - 09 Jun 01
2 13 16 41 45 20 - 06 Jun 01
7 19 31 44 45 9 - 02 Jun 01
12 13 22 32 38 21 - 30 May 01
3 10 18 22 30 26 - 26 May 01
7 12 32 39 43 8 - 23 May 01
23 28 34 36 45 9 - 19 May 01
1 3 6 9 19 14 - 16 May 01
10 14 34 43 44 14 - 12 May 01
4 14 17 30 34 23 - 09 May 01
5 12 13 36 47 9 - 05 May 01
6 10 23 30 33 13 - 02 May 01
8 14 27 32 40 23 - 28 Apr 01
1 14 19 21 43 8 - 25 Apr 01
1 7 12 25 33 3 - 21 Apr 01
2 12 14 35 37 13 - 18 Apr 01
11 12 15 19 29 25 - 14 Apr 01
5 7 28 30 31 8 - 11 Apr 01
2 4 25 39 42 4 - 07 Apr 01
13 24 25 33 43 16 - 04 Apr 01
16 22 30 37 47 22 - 31 Mar 01
4 6 19 20 40 10 - 28 Mar 01
1 4 19 43 46 15 - 24 Mar 01
3 10 13 33 35 18 - 21 Mar 01
1 6 15 20 30 17 - 17 Mar 01
9 11 12 20 22 23 - 14 Mar 01
12 24 25 28 30 16 - 10 Mar 01
8 17 29 32 45 11 - 07 Mar 01
1 8 19 33 34 23 - 03 Mar 01
1 3 5 41 46 9 - 28 Feb 01
3 8 23 29 44 1 - 24 Feb 01
20 23 31 33 46 25 - 21 Feb 01
3 16 20 25 45 19 - 17 Feb 01
4 36 37 42 43 1 - 14 Feb 01
6 17 24 36 41 1 - 10 Feb 01
19 30 34 41 44 9 - 07 Feb 01
11 12 16 29 38 4 - 03 Feb 01
8 23 25 26 35 13 - 31 Jan 01
1 3 25 30 35 24 - 27 Jan 01
3 5 15 32 42 4 - 24 Jan 01
16 23 27 28 39 19 - 20 Jan 01
9 14 22 25 38 25 - 17 Jan 01
2 12 15 24 43 9 - 13 Jan 01
3 14 15 19 45 19 - 10 Jan 01
3 4 29 30 35 13 - 06 Jan 01
2 7 28 30 38 6 - 03 Jan 01
7 11 29 33 45 3 - 99 Aug 99
3 8 10 21 36 18 - 99 Aug 99
1 13 16 17 43 23 - 99 Aug 99
6 12 22 39 47 10 - 99 Aug 99
2 27 31 34 42 26 - 99 Aug 99
8 11 25 33 36 13 - 88 Aug 88
4 10 21 28 46 15 - 88 Aug 88
13 23 32 38 42 23 - 88 Aug 88
12 20 27 37 46 26 - 88 Aug 88
6 22 24 41 45 6 - 88 Aug 88
2 4 9 12 27 21 - 77 Aug 01
3 12 25 30 42 9 - 77 Aug 02
1 17 18 24 46 6 - 77 Aug 03
1 16 33 40 46 8 - 77 Aug 04
10 26 32 37 42 4 - 77 Aug 05
11 28 30 43 45 22 - 77 Aug 06
14 20 36 38 42 21 - 77 Aug 07
5 8 11 12 13 9 - 77 Aug 08
2 29 30 31 41 2 - 77 Aug 09
3 6 31 37 41 14 - 77 Aug 10
6 8 19 40 46 11 - 77 Aug 11
9 18 19 24 26 8 - 77 Aug 12
15 18 26 33 44 27 - 77 Aug 13
1 6 7 24 47 25 - 77 Aug 14
10 19 20 22 38 16 - 77 Aug 15
3 10 27 33 40 11 - 77 Aug 16
3 6 20 41 46 16 - 77 Aug 17
1 6 29 44 45 22 - 77 Aug 18
11 13 23 43 46 2 - 77 Aug 19
10 25 30 36 43 1 - 77 Aug 20
9 27 28 38 41 2 - 77 Aug 01
5 7 9 34 37 1 - 77 Aug 02
3 22 31 34 35 12 - 77 Aug 03
10 13 21 36 47 18 - 77 Aug 04
2 20 26 28 40 22 - 77 Aug 05
7 8 21 40 44 26 - 77 Aug 06
10 16 24 45 46 11 - 77 Aug 07
21 23 36 38 41 17 - 77 Aug 08
6 17 21 25 44 9 - 77 Aug 09
2 31 32 34 44 8 - 77 Aug 10
11 24 42 45 47 2 - 77 Aug 1013
2 18 30 38 45 13 - 77 Aug 1014
5 6 9 11 43 17 - 77 Aug 1015
10 11 15 17 24 5 - 77 Aug 1016
6 14 36 42 43 22 - 77 Aug 1017
16 35 36 37 41 2 - 77 Aug 1018
4 27 30 38 44 26 - 77 Aug 1019
25 31 38 43 47 20 - 77 Aug 1020
17 18 25 34 43 15 - 77 Aug 1021
13 15 21 27 40 6 - 77 Aug 1022
2 8 11 14 28 6 - 77 Aug 1023
16 17 23 27 28 7 - 77 Aug 1024
14 19 20 27 44 4 - 77 Aug 1025
6 20 28 30 46 12 - 77 Aug 1026
8 12 15 18 39 19 - 77 Aug 1027
5 16 20 35 36 20 - 77 Aug 1028
12 26 36 41 42 3 - 77 Aug 1029
13 23 27 32 47 19 - 77 Aug 1030
12 19 20 21 45 17 - 77 Aug 1031
11 20 28 30 37 19 - 77 Aug 1032
3 7 18 28 37 22 - 77 Aug 1033
2 10 13 16 26 22 - 77 Aug 1034
13 20 30 33 35 13 - 77 Aug 1035
23 41 43 45 47 5 - 77 Aug 1036
1 7 11 31 45 24 - 77 Aug 1037
11 16 29 32 39 22 - 77 Aug 1038
6 8 17 19 41 20 - 77 Aug 1039
15 28 36 44 47 27 - 77 Aug 1040
4 22 26 32 47 18 - 77 Aug 1041
15 24 27 36 41 7 - 77 Aug 1042
14 22 35 36 42 22 - 77 Aug 1043
10 16 20 27 39 26 - 77 Aug 1044
1 2 24 28 32 12 - 77 Aug 1045
3 22 28 29 39 8 - 77 Aug 1046
3 18 22 33 47 27 - 77 Aug 1047
4 11 12 28 33 12 - 77 Aug 1048
6 9 10 29 44 14 - 77 Aug 1049
7 12 24 27 31 4 - 77 Aug 1050
8 20 24 28 31 25 - 77 Aug 1051
9 15 25 30 35 9 - 77 Aug 1052
1 5 7 19 24 25 - 77 Aug 1053
23 24 35 37 40 8 - 77 Aug 1054
3 38 44 45 47 21 - 77 Aug 1055
2 9 16 24 30 5 - 77 Aug 1056
7 15 18 29 46 23 - 77 Aug 1057
4 10 22 28 44 3 - 77 Aug 1058
7 23 38 41 42 22 - 77 Aug 1059
26 28 35 39 40 10 - 77 Aug 1060
3 5 12 40 45 25 - 77 Aug 1061
6 13 27 44 46 8 - 77 Aug 1062
3 21 27 35 46 6 - 77 Aug 1063
3 15 23 33 43 27 - 77 Aug 1064
17 34 37 46 47 18 - 77 Aug 1065
11 13 14 21 40 11 - 77 Aug 1066
6 15 16 20 43 17 - 77 Aug 1067
3 30 33 44 47 17 - 77 Aug 1068
7 14 26 27 45 7 - 77 Aug 1069
1 8 24 37 46 15 - 77 Aug 1070
2 4 5 17 41 2 - 77 Aug 1071
20 25 34 41 44 8 - 77 Aug 1072
8 9 17 20 35 16 - 77 Aug 1073
13 31 33 43 46 7 - 77 Aug 1074
26 41 42 44 46 6 - 77 Aug 1075
6 15 30 35 46 3 - 77 Aug 1076
3 14 33 38 41 19 - 77 Aug 1077
4 8 17 33 47 1 - 77 Aug 1078
11 12 29 38 41 16 - 77 Aug 1079
18 20 31 34 47 18 - 77 Aug 1080
5 7 11 16 22 3 - 77 Aug 1081
2 7 13 16 32 9 - 77 Aug 1082
4 19 21 28 34 19 - 77 Aug 1083
1 2 8 21 26 4 - 77 Aug 1084
21 23 39 41 42 17 - 77 Aug 1085
5 8 24 25 37 17 - 77 Aug 1086
1 3 24 35 46 23 - 77 Aug 1087
18 26 35 41 43 7 - 77 Aug 1088
3 22 23 39 46 4 - 77 Aug 1089
3 11 32 43 47 13 - 77 Aug 1090
2 10 22 26 35 23 - 77 Aug 1091
8 17 28 29 43 22 - 77 Aug 1092
1 19 22 41 46 20 - 77 Aug 1093
3 19 26 30 36 27 - 77 Aug 1094
17 22 24 43 45 8 - 77 Aug 1095
12 14 16 22 28 9 - 77 Aug 1096
4 23 31 42 45 13 - 77 Aug 1097
4 7 8 11 31 2 - 77 Aug 1098
11 14 18 26 34 1 - 77 Aug 1099
6 25 27 35 37 26 - 77 Aug 1100
4 9 32 45 46 24 - 77 Aug 1101
1 9 22 29 40 16 - 77 Aug 1102
7 14 27 41 47 8 - 77 Aug 1103
3 15 19 21 33 2 - 77 Aug 1104
21 24 26 36 38 10 - 77 Aug 1105
1 8 26 27 31 12 - 77 Aug 1106
3 26 33 40 45 11 - 77 Aug 1107
24 25 29 33 35 5 - 77 Aug 1108
23 26 28 32 37 15 - 77 Aug 1109
13 22 32 36 42 11 - 77 Aug 1110
9 14 31 39 41 15 - 77 Aug 1111
1 18 19 27 41 4 - 77 Aug 1112
7 8 26 29 43 15 - 77 Aug 1113
1 4 11 16 35 18 - 77 Aug 1114
10 23 26 29 36 6 - 77 Aug 1115
5 9 21 28 35 7 - 77 Aug 1116
17 33 34 38 47 7 - 77 Aug 1117
10 17 40 42 45 22 - 77 Aug 1118
15 20 23 27 42 2 - 77 Aug 1119
4 5 9 40 41 2 - 77 Aug 1120
7 12 13 16 47 17 - 77 Aug 1121
4 11 12 26 37 17 - 77 Aug 1122
21 35 38 39 44 8 - 77 Aug 1123
2 3 13 30 31 14 - 77 Aug 1124
13 30 31 33 46 4 - 77 Aug 1125
9 27 33 39 42 16 - 77 Aug 1126
5 11 14 23 38 11 - 77 Aug 1127
8 10 19 34 43 20 - 77 Aug 1128
1 10 20 34 42 18 - 77 Aug 1129
3 33 34 37 47 1 - 77 Aug 1130
7 11 23 43 46 27 - 77 Aug 1131
10 23 36 38 44 17 - 77 Aug 1132
1 10 19 23 34 25 - 77 Aug 1133
2 3 21 37 39 8 - 77 Aug 1134
4 13 25 28 47 14 - 77 Aug 1135
6 20 25 31 44 20 - 77 Aug 1136
8 26 32 44 47 2 - 77 Aug 1137
3 9 10 14 15 15 - 77 Aug 1138
1 5 26 30 42 9 - 77 Aug 1139
27 30 38 44 45 3 - 77 Aug 1140
5 11 12 38 43 22 - 77 Aug 1141
1 8 9 11 31 12 - 77 Aug 1142
3 5 18 44 45 20 - 77 Aug 1143
16 20 27 36 38 25 - 77 Aug 1144
14 20 24 26 27 25 - 77 Aug 1145
13 18 30 33 39 11 - 77 Aug 1146
13 17 35 40 43 21 - 77 Aug 1147
15 18 21 35 45 7 - 77 Aug 1148
13 29 35 38 43 24 - 77 Aug 1149
7 8 21 29 41 1 - 77 Aug 1150
18 19 22 34 43 16 - 77 Aug 1151
8 22 28 35 42 1 - 77 Aug 1152
6 8 9 23 25 3 - 77 Aug 1153
13 16 18 25 45 15 - 77 Aug 1154
4 16 19 30 41 25 - 77 Aug 1155
8 10 13 39 47 6 - 77 Aug 1156
10 16 29 31 37 26 - 77 Aug 1157
18 30 32 40 46 23 - 77 Aug 1158
2 5 38 40 42 5 - 77 Aug 1159
15 23 38 41 43 7 - 77 Aug 1160
17 18 24 30 47 4 - 77 Aug 1161
14 22 25 35 45 11 - 77 Aug 1162
2 10 29 31 41 23 - 77 Aug 1163
2 3 6 18 20 11 - 77 Aug 1164
5 17 21 27 35 19 - 77 Aug 1165
13 26 29 35 43 26 - 77 Aug 1166
4 15 16 33 39 1 - 77 Aug 1167
28 33 40 41 44 1 - 77 Aug 1168
5 19 22 41 44 1 - 77 Aug 1169
10 15 28 38 39 5 - 77 Aug 1170
4 9 29 43 44 10 - 77 Aug 1171
4 6 16 35 45 9 - 77 Aug 1172
3 17 28 30 39 19 - 77 Aug 1173
2 8 22 23 30 5 - 77 Aug 1174
6 15 22 27 31 5 - 77 Aug 1175
2 6 40 42 44 27 - 77 Aug 1176
16 27 31 32 43 27 - 77 Aug 1177
2 5 13 14 44 7 - 77 Aug 1178
4 10 14 19 37 17 - 77 Aug 1179
3 12 18 21 36 20 - 77 Aug 1180
2 7 9 15 45 5 - 77 Aug 1181
4 8 14 32 44 6 - 77 Aug 1182
24 31 37 44 45 17 - 77 Aug 1183
13 16 26 34 39 15 - 77 Aug 1184
4 12 15 21 22 16 - 77 Aug 1185
16 18 40 44 47 27 - 77 Aug 1186
1 6 19 23 47 17 - 77 Aug 1187
9 12 16 25 43 8 - 77 Aug 1188
4 35 38 39 42 10 - 77 Aug 1189
4 6 9 23 46 25 - 77 Aug 1190
1 25 33 36 42 19 - 77 Aug 1191
6 13 15 35 46 2 - 77 Aug 1192
24 27 29 40 45 17 - 77 Aug 1193
19 23 28 35 39 8 - 77 Aug 1194
9 14 19 26 47 20 - 77 Aug 1195
19 21 23 24 33 18 - 77 Aug 1196
20 35 40 45 46 22 - 77 Aug 1197
8 24 30 36 37 5 - 77 Aug 1198
2 14 18 27 36 9 - 77 Aug 1199
11 24 30 32 35 26 - 77 Aug 1200
5 8 17 30 36 22 - 77 Aug 1201
7 11 18 24 38 22 - 77 Aug 1202
10 15 19 26 33 10 - 77 Aug 1203
1 16 32 42 43 19 - 77 Aug 1204
5 19 23 36 44 10 - 77 Aug 1205
6 22 25 32 33 27 - 77 Aug 1206
2 10 36 42 43 1 - 77 Aug 1207
15 16 41 43 46 22 - 77 Aug 1208
8 29 31 36 40 17 - 77 Aug 1209
7 12 26 28 44 7 - 77 Aug 1210
13 20 38 39 43 19 - 77 Aug 1211
2 4 30 37 39 27 - 77 Aug 1212
8 16 34 41 47 16 - 77 Aug 1213
8 14 23 44 46 22 - 77 Aug 1214
4 25 30 35 40 17 - 77 Aug 1215
3 10 34 36 45 7 - 77 Aug 1216
2 7 17 31 36 16 - 77 Aug 1217
4 7 13 38 46 18 - 77 Aug 1218
12 15 16 19 46 10 - 77 Aug 1219
14 15 37 39 41 2 - 77 Aug 1220
7 23 25 34 44 14 - 77 Aug 1221
3 14 18 32 41 26 - 77 Aug 1222
2 7 22 32 39 19 - 77 Aug 1223
10 28 30 34 38 1 - 77 Aug 1224
4 10 11 32 37 22 - 77 Aug 1225
15 24 26 30 38 10 - 77 Aug 1226
3 14 22 40 44 11 - 77 Aug 1227
2 16 20 21 33 6 - 77 Aug 1228
9 10 11 25 27 6 - 77 Aug 1229
4 9 10 18 21 7 - 77 Aug 1230
4 8 33 34 37 5 - 77 Aug 1231
13 28 32 44 47 11 - 77 Aug 1232
15 20 31 33 45 13 - 77 Aug 1233
4 12 18 33 46 27 - 77 Aug 1234
1 6 7 13 36 16 - 77 Aug 1235
1 13 18 39 43 7 - 77 Aug 1236
11 16 23 29 35 16 - 77 Aug 1237
4 9 10 21 39 23 - 77 Aug 1238
6 8 16 25 42 8 - 77 Aug 1239
4 26 29 37 38 22 - 77 Aug 1240
3 6 16 17 25 2 - 77 Aug 1241
12 28 32 33 43 12 - 77 Aug 1242
11 14 20 31 39 1 - 77 Aug 1243
16 19 21 31 35 3 - 77 Aug 1244
9 13 18 24 34 11 - 77 Aug 1245
10 31 37 38 42 25 - 77 Aug 1246
14 24 30 36 45 1 - 77 Aug 1247
7 10 21 22 32 5 - 77 Aug 1248
3 13 15 20 38 1 - 77 Aug 1249
13 17 23 35 42 3 - 77 Aug 1250
3 14 39 46 47 3 - 77 Aug 1251
7 15 32 36 42 9 - 77 Aug 1252
15 25 27 34 44 21 - 77 Aug 1253
8 11 20 35 45 7 - 77 Aug 1254
10 27 34 36 40 21 - 77 Aug 1255
6 9 10 18 19 19 - 77 Aug 1256
10 13 15 17 20 27 - 77 Aug 1257
5 10 14 44 46 11 - 77 Aug 1258
9 17 28 33 34 4 - 77 Aug 1259
14 29 31 43 44 25 - 77 Aug 1260
7 8 11 38 43 10 - 77 Aug 1261
3 11 18 19 44 27 - 77 Aug 1262
8 29 32 37 47 1 - 77 Aug 1263
3 16 19 24 46 5 - 77 Aug 1264
13 17 19 39 42 10 - 77 Aug 1265
3 13 20 35 39 19 - 77 Aug 1266
1 12 22 45 46 1 - 77 Aug 1267
2 7 9 12 16 27 - 77 Aug 1268
15 18 19 22 34 8 - 77 Aug 1269
2 4 13 19 21 6 - 77 Aug 1270
3 13 16 31 33 7 - 77 Aug 1271
5 8 10 15 25 4 - 77 Aug 1272
3 10 22 24 47 9 - 77 Aug 1273
10 23 30 32 46 5 - 77 Aug 1274
4 6 20 41 46 3 - 77 Aug 1275
16 19 25 39 41 26 - 77 Aug 1276
7 17 21 25 41 12 - 77 Aug 1277
16 31 37 38 43 11 - 77 Aug 1278
5 7 8 33 40 23 - 77 Aug 1279
8 12 19 37 47 25 - 77 Aug 1280
3 4 15 26 36 25 - 77 Aug 1281
1 17 34 41 44 16 - 77 Aug 1282
1 12 13 17 45 23 - 77 Aug 1283
13 16 26 37 40 9 - 77 Aug 1284
3 7 19 35 44 25 - 77 Aug 1285
7 15 21 26 42 24 - 77 Aug 1286
8 18 19 25 35 8 - 77 Aug 1287
4 7 17 19 27 3 - 77 Aug 1288
6 13 20 27 39 11 - 77 Aug 1289
2 11 18 19 40 20 - 77 Aug 1290
5 24 27 29 45 2 - 77 Aug 1291
15 23 31 44 47 11 - 77 Aug 1292
4 6 7 13 40 7 - 77 Aug 1293
5 11 12 19 22 8 - 77 Aug 1294
2 7 11 15 28 15 - 77 Aug 1295
10 12 16 42 46 21 - 77 Aug 1296
3 11 31 32 38 13 - 77 Aug 1297
1 2 3 13 23 1 - 77 Aug 1298
3 8 20 34 37 22 - 77 Aug 1299
3 10 26 38 46 14 - 77 Aug 1300
1 4 7 38 46 18 - 77 Aug 1301
24 32 36 39 45 14 - 77 Aug 1302
12 24 38 45 47 3 - 77 Aug 1303
6 7 20 27 38 24 - 77 Aug 1304
1 5 14 16 41 2 - 77 Aug 1305
4 18 25 27 33 20 - 77 Aug 1306
2 3 6 8 25 26 - 77 Aug 1307
8 17 18 19 34 6 - 77 Aug 1308
7 11 24 26 38 16 - 77 Aug 1309
10 12 20 41 42 4 - 77 Aug 1310
19 21 23 38 44 8 - 77 Aug 1311
18 31 38 46 47 2 - 77 Aug 1312
3 6 16 20 36 7 - 77 Aug 1313
8 24 37 38 40 9 - 77 Aug 1314
16 19 32 34 45 4 - 77 Aug 1315
13 14 22 26 31 19 - 77 Aug 1316
16 25 26 29 38 27 - 77 Aug 1317
9 25 27 36 47 27 - 77 Aug 1318
2 7 10 40 44 27 - 77 Aug 1319
12 23 25 30 47 5 - 77 Aug 1320
1 17 26 31 37 15 - 77 Aug 1321
4 12 18 36 45 1 - 77 Aug 1322
12 15 32 45 47 6 - 77 Aug 1323
11 17 24 46 47 8 - 77 Aug 1324
1 11 34 38 40 2 - 77 Aug 1325
9 14 18 27 45 10 - 77 Aug 1326
6 10 13 18 43 23 - 77 Aug 1327
13 28 31 38 42 26 - 77 Aug 1328
1 11 20 34 38 16 - 77 Aug 1329
5 18 32 42 43 21 - 77 Aug 1330
1 10 12 16 18 9 - 77 Aug 1331
20 32 35 36 41 8 - 77 Aug 1332
6 10 14 29 37 20 - 77 Aug 1333
1 13 20 30 46 26 - 77 Aug 1334
18 26 39 42 46 18 - 77 Aug 1335
4 12 40 45 47 17 - 77 Aug 1336
2 14 23 30 44 9 - 77 Aug 1337
2 8 22 35 38 12 - 77 Aug 1338
15 26 34 35 46 6 - 77 Aug 1339
5 7 19 29 30 6 - 77 Aug 1340
12 24 26 27 44 25 - 77 Aug 1341
17 31 32 34 44 5 - 77 Aug 1342
4 6 10 33 41 13 - 77 Aug 1343
16 20 24 28 42 27 - 77 Aug 1344
8 10 13 39 41 12 - 77 Aug 1345
9 26 38 39 40 24 - 77 Aug 1346
2 3 8 23 41 23 - 77 Aug 1347
12 18 28 37 40 14 - 77 Aug 1348
1 9 26 29 30 17 - 77 Aug 1349
4 33 34 41 43 21 - 77 Aug 1350
3 16 18 22 36 22 - 77 Aug 1351
3 7 8 13 26 9 - 77 Aug 1352
4 12 22 27 40 3 - 77 Aug 1353
1 17 33 42 45 13 - 77 Aug 1354
20 22 23 27 43 20 - 77 Aug 1355
3 11 40 42 44 17 - 77 Aug 1356
7 23 24 37 43 25 - 77 Aug 1357
13 16 34 40 46 13 - 77 Aug 1358
8 14 18 22 30 19 - 77 Aug 1359
10 27 29 35 42 19 - 77 Aug 1360
1 15 19 33 37 15 - 77 Aug 1361
8 10 25 35 36 3 - 77 Aug 1362
21 23 26 29 45 5 - 77 Aug 1363
10 20 27 31 41 26 - 77 Aug 1364
3 8 32 36 40 21 - 77 Aug 1365
4 15 23 39 46 23 - 77 Aug 1366
6 15 26 33 41 4 - 77 Aug 1367
3 14 27 36 42 11 - 77 Aug 1368
2 14 20 22 29 14 - 77 Aug 1369
10 17 34 35 39 3 - 77 Aug 1370
13 24 25 41 44 8 - 77 Aug 1371
1 6 16 29 35 5 - 77 Aug 1372
4 34 41 42 45 11 - 77 Aug 1373
4 7 16 18 46 25 - 77 Aug 1374
17 19 35 39 42 4 - 77 Aug 1375
8 23 31 32 37 22 - 77 Aug 1376
9 12 24 34 43 2 - 77 Aug 1377
19 21 32 42 44 19 - 77 Aug 1378
4 20 22 41 43 8 - 77 Aug 1379
2 4 19 24 43 1 - 77 Aug 1380
9 15 21 22 42 4 - 77 Aug 1381
3 12 27 40 45 8 - 77 Aug 1382
9 24 27 35 47 9 - 77 Aug 1383
2 11 13 22 35 11 - 77 Aug 1384
4 5 6 9 40 14 - 77 Aug 1385
2 3 9 13 28 11 - 77 Aug 1386
1 4 19 21 42 13 - 77 Aug 1387
3 6 14 29 30 5 - 77 Aug 1388
7 8 20 25 36 12 - 77 Aug 1389
4 6 16 18 37 21 - 77 Aug 1390
2 10 23 27 38 9 - 77 Aug 1391
2 16 20 28 35 24 - 77 Aug 1392
6 19 25 32 40 4 - 77 Aug 1393
4 26 28 36 39 19 - 77 Aug 1394
4 18 19 44 45 19 - 77 Aug 1395
11 12 36 38 39 26 - 77 Aug 1396
1 9 14 15 35 27 - 77 Aug 1397
9 24 25 30 32 23 - 77 Aug 1398
12 15 34 36 42 2 - 77 Aug 1399
5 13 25 28 39 2 - 77 Aug 1400
5 8 9 10 42 19 - 77 Aug 1401
4 8 24 36 38 9 - 77 Aug 1402
11 25 28 37 45 22 - 77 Aug 1403
1 11 18 20 28 13 - 77 Aug 1404
2 12 20 30 32 6 - 77 Aug 1405
5 6 16 37 44 5 - 77 Aug 1406
6 13 18 39 43 5 - 77 Aug 1407
4 29 36 44 45 8 - 77 Aug 1408
7 10 20 27 36 11 - 77 Aug 1409
4 6 23 37 39 12 - 77 Aug 1410
3 10 11 31 38 26 - 77 Aug 1411
3 16 29 38 39 18 - 77 Aug 1412
11 15 16 19 44 27 - 77 Aug 1413
6 8 21 42 45 12 - 77 Aug 1414
9 22 26 40 45 19 - 77 Aug 1415
9 23 43 44 46 20 - 77 Aug 1416
6 11 13 45 46 1 - 77 Aug 1417
10 12 17 36 45 10 - 77 Aug 1418
5 7 24 32 34 23 - 77 Aug 1419
3 16 21 33 44 27 - 77 Aug 1420
7 23 32 42 43 15 - 77 Aug 1421
8 9 25 38 46 13 - 77 Aug 1422
4 10 24 38 46 2 - 77 Aug 1423
14 24 33 37 43 3 - 77 Aug 1424
5 6 11 20 46 6 - 77 Aug 1425
13 14 24 32 46 19 - 77 Aug 1426
7 15 19 42 46 18 - 77 Aug 1427
6 8 35 41 42 20 - 77 Aug 1428
1 13 20 22 34 27 - 77 Aug 1429
3 31 33 35 41 8 - 77 Aug 1430
7 19 20 36 43 25 - 77 Aug 1431
17 20 29 31 43 2 - 77 Aug 1432
7 9 18 36 47 14 - 77 Aug 1433
12 32 38 44 47 13 - 77 Aug 1434
1 18 19 35 36 22 - 77 Aug 1435
2 20 26 28 31 3 - 77 Aug 1436
14 23 29 30 43 18 - 77 Aug 1437
6 25 28 32 38 18 - 77 Aug 1438
2 3 5 20 21 15 - 77 Aug 1439
6 16 25 37 40 9 - 77 Aug 1440
11 13 24 26 27 17 - 77 Aug 1441
13 17 32 35 36 22 - 77 Aug 1442
4 15 22 42 43 21 - 77 Aug 1443
4 23 32 34 44 7 - 77 Aug 1444
6 17 26 28 35 3 - 77 Aug 1445
3 14 21 24 38 27 - 77 Aug 1446
1 13 29 37 38 18 - 77 Aug 1447
5 20 28 34 41 8 - 77 Aug 1448
3 39 40 44 47 15 - 77 Aug 1449
1 10 18 22 26 19 - 77 Aug 1450
9 19 20 30 37 1 - 77 Aug 1451
1 2 14 31 47 4 - 77 Aug 1452
2 25 38 45 46 21 - 77 Aug 1453
11 15 32 35 46 5 - 77 Aug 1454
22 26 30 43 45 16 - 77 Aug 1455
9 18 41 43 45 6 - 77 Aug 1456
22 26 34 45 46 22 - 77 Aug 1457
1 18 19 30 45 25 - 77 Aug 1458
8 21 27 46 47 26 - 77 Aug 1459
18 23 28 39 43 2 - 77 Aug 1460
7 20 31 35 41 9 - 77 Aug 1461
7 17 28 40 46 15 - 77 Aug 1462
3 16 33 36 47 22 - 77 Aug 1463
19 31 32 44 45 1 - 77 Aug 1464
19 27 29 35 38 20 - 77 Aug 1465
8 14 15 41 47 20 - 77 Aug 1466
2 13 15 22 32 2 - 77 Aug 1467
9 24 29 42 44 15 - 77 Aug 1468
17 22 25 28 35 15 - 77 Aug 1469
15 20 31 32 41 18 - 77 Aug 1470
1 3 20 40 44 1 - 77 Aug 1471
6 19 20 39 41 20 - 77 Aug 1472
23 28 33 34 47 20 - 77 Aug 1473
10 11 17 36 45 11 - 77 Aug 1474
28 30 33 36 40 22 - 77 Aug 1475
3 15 27 29 40 8 - 77 Aug 1476
4 20 22 25 35 25 - 77 Aug 1477
5 7 10 16 34 1 - 77 Aug 1478
5 19 24 35 38 13 - 77 Aug 1479
12 20 28 35 36 5 - 77 Aug 1480
2 3 6 32 33 21 - 77 Aug 1481
7 13 19 24 43 20 - 77 Aug 1482
8 20 27 30 45 20 - 77 Aug 1483
20 27 31 33 34 21 - 77 Aug 1484
3 9 23 30 42 1 - 77 Aug 1485
23 25 29 36 43 26 - 77 Aug 1486
13 29 35 41 47 19 - 77 Aug 1487
3 4 10 19 38 27 - 77 Aug 1488
1 14 20 34 44 20 - 77 Aug 1489
22 31 32 40 43 20 - 77 Aug 1490
1 21 22 44 47 10 - 77 Aug 1491
13 17 25 28 43 26 - 77 Aug 1492
8 18 24 30 47 12 - 77 Aug 1493
24 27 32 36 40 26 - 77 Aug 1494
22 29 33 40 47 26 - 77 Aug 1495
3 9 22 30 42 27 - 77 Aug 1496
10 19 40 45 46 4 - 77 Aug 1497
12 18 30 37 40 19 - 77 Aug 1498
3 12 40 44 47 12 - 77 Aug 1499
8 11 35 38 44 26 - 77 Aug 1500
5 8 11 26 39 4 - 77 Aug 1501
5 14 18 31 33 14 - 77 Aug 1502
10 11 13 23 34 15 - 77 Aug 1503
1 3 6 28 41 2 - 77 Aug 1504
4 7 24 35 38 21 - 77 Aug 1505
11 18 29 33 45 12 - 77 Aug 1506
24 26 27 37 38 14 - 77 Aug 1507
9 11 25 30 40 19 - 77 Aug 1508
14 28 32 37 47 7 - 77 Aug 1509
2 4 11 15 24 25 - 77 Aug 1510
12 19 20 32 34 27 - 77 Aug 1511
15 21 23 28 31 19 - 77 Aug 1512
17 26 31 34 41 13 - 77 Aug 1513
3 18 24 39 41 1 - 77 Aug 1514
4 18 35 40 42 18 - 77 Aug 1515
1 18 22 24 29 2 - 77 Aug 1516
6 19 35 36 41 8 - 77 Aug 1517
10 22 32 37 43 2 - 77 Aug 1518
19 20 27 39 43 27 - 77 Aug 1519
4 7 21 41 42 17 - 77 Aug 1520
4 24 41 42 46 6 - 77 Aug 1521
28 32 34 38 44 6 - 77 Aug 1522
20 23 26 33 44 24 - 77 Aug 1523
10 11 15 34 44 12 - 77 Aug 1524
6 8 17 23 30 12 - 77 Aug 1525
11 16 32 34 43 20 - 77 Aug 1526
2 7 8 14 36 6 - 77 Aug 1527
4 27 29 40 46 8 - 77 Aug 1528
1 9 17 24 45 12 - 77 Aug 1529
14 28 30 34 35 11 - 77 Aug 1530
4 20 22 37 39 7 - 77 Aug 1531
15 22 27 36 44 23 - 77 Aug 1532
17 21 32 40 47 23 - 77 Aug 1533
17 27 29 33 41 14 - 77 Aug 1534
7 12 30 35 39 13 - 77 Aug 1535
3 9 29 40 42 20 - 77 Aug 1536
3 4 23 25 26 23 - 77 Aug 1537
13 30 31 34 39 17 - 77 Aug 1538
7 10 21 28 32 5 - 77 Aug 1539
15 28 33 43 44 1 - 77 Aug 1540
2 9 11 38 40 24 - 77 Aug 1541
5 6 26 46 47 14 - 77 Aug 1542
6 20 21 26 28 12 - 77 Aug 1543
15 29 31 37 39 7 - 77 Aug 1544
15 22 33 38 40 10 - 77 Aug 1545
16 17 24 38 42 13 - 77 Aug 1546
23 25 36 41 44 16 - 77 Aug 1547
2 4 18 30 46 2 - 77 Aug 1548
10 11 17 18 30 1 - 77 Aug 1549
3 15 19 31 32 9 - 77 Aug 1550
1 11 13 16 26 13 - 77 Aug 1551
6 21 27 38 43 25 - 77 Aug 1552
9 18 39 42 45 1 - 77 Aug 1553
8 13 23 27 28 23 - 77 Aug 1554
20 22 28 37 44 24 - 77 Aug 1555
11 29 30 36 37 18 - 77 Aug 1556
3 25 34 37 40 3 - 77 Aug 1557
6 12 17 23 36 21 - 77 Aug 1558
1 16 17 18 28 13 - 77 Aug 1559
14 17 21 24 29 23 - 77 Aug 1560
8 17 20 29 36 14 - 77 Aug 1561
3 8 18 26 41 9 - 77 Aug 1562
15 16 30 31 32 15 - 77 Aug 1563
28 37 39 46 47 27 - 77 Aug 1564
1 12 34 42 47 7 - 77 Aug 1565
3 21 32 35 41 8 - 77 Aug 1566
2 20 26 38 44 25 - 77 Aug 1567
7 15 26 27 31 11 - 77 Aug 1568
3 5 22 27 39 8 - 77 Aug 1569
13 28 38 41 45 26 - 77 Aug 1570
9 13 22 31 40 16 - 77 Aug 1571
20 21 22 23 32 27 - 77 Aug 1572
2 20 22 28 33 14 - 77 Aug 1573
4 6 17 18 19 22 - 77 Aug 1574
8 30 37 42 47 4 - 77 Aug 1575
1 2 15 23 41 20 - 77 Aug 1576
5 16 27 28 35 9 - 77 Aug 1577
10 33 36 45 47 23 - 77 Aug 1578
19 21 24 26 39 11 - 77 Aug 1579
15 19 27 34 40 23 - 77 Aug 1580
11 19 23 28 36 15 - 77 Aug 1581
6 17 38 39 41 15 - 77 Aug 1582
6 15 19 33 41 14 - 77 Aug 1583
1 14 18 20 33 23 - 77 Aug 1584
5 9 26 27 29 2 - 77 Aug 1585
10 26 27 38 40 24 - 77 Aug 1586
14 16 17 23 30 25 - 77 Aug 1587
1 2 10 31 41 10 - 77 Aug 1588
7 12 21 45 46 8 - 77 Aug 1589
7 10 13 28 35 19 - 77 Aug 1590
16 24 27 35 41 3 - 77 Aug 1591
29 32 38 43 44 24 - 77 Aug 1592
20 25 35 39 43 6 - 77 Aug 1593
24 25 27 37 42 5 - 77 Aug 1594
23 26 30 35 40 20 - 77 Aug 1595
7 11 13 36 47 26 - 77 Aug 1596
8 15 21 28 45 17 - 77 Aug 1597
3 16 22 29 38 11 - 77 Aug 1598
18 24 30 40 47 11 - 77 Aug 1599
8 10 17 24 43 21 - 77 Aug 1600
18 21 38 39 43 15 - 77 Aug 1601
4 8 26 30 40 24 - 77 Aug 1602
3 6 7 22 42 17 - 77 Aug 1603
1 8 12 13 14 9 - 77 Aug 1604
17 21 35 36 44 10 - 77 Aug 1605
13 14 17 33 37 9 - 77 Aug 1606
11 17 27 28 29 9 - 77 Aug 1607
23 31 39 42 45 2 - 77 Aug 1608
6 25 28 45 47 20 - 77 Aug 1609
13 21 34 45 47 6 - 77 Aug 1610
6 12 27 37 43 10 - 77 Aug 1611
10 15 24 27 37 8 - 77 Aug 1612
6 20 26 33 42 26 - 77 Aug 1613
5 22 23 27 34 1 - 77 Aug 1614
2 6 24 32 44 27 - 77 Aug 1615
20 38 40 41 47 20 - 77 Aug 1616
1 3 16 30 37 13 - 77 Aug 1617
6 27 31 36 39 27 - 77 Aug 1618
1 9 16 36 41 9 - 77 Aug 1619
2 14 21 28 34 18 - 77 Aug 1620
13 14 16 22 46 18 - 77 Aug 1621
8 9 18 28 34 12 - 77 Aug 1622
1 11 31 38 42 22 - 77 Aug 1623
22 29 39 40 47 17 - 77 Aug 1624
16 19 23 33 41 20 - 77 Aug 1625
7 14 27 37 38 11 - 77 Aug 1626
10 13 16 32 38 4 - 77 Aug 1627
1 6 23 31 42 11 - 77 Aug 1628
8 9 18 19 44 7 - 77 Aug 1629
4 17 23 25 42 20 - 77 Aug 1630
9 29 31 39 43 5 - 77 Aug 1631
21 23 40 42 44 7 - 77 Aug 1632
4 9 20 28 42 23 - 77 Aug 1633
4 12 28 31 36 15 - 77 Aug 1634
8 16 20 29 36 20 - 77 Aug 1635
1 20 23 27 29 6 - 77 Aug 1636
8 19 28 36 38 11 - 77 Aug 1637
10 24 28 32 37 5 - 77 Aug 1638
1 2 3 21 31 19 - 77 Aug 1639
3 17 25 26 37 9 - 77 Aug 1640
2 9 10 13 45 19 - 77 Aug 1641
13 15 18 26 43 24 - 77 Aug 1642
4 11 15 42 47 8 - 77 Aug 1643
8 13 26 27 42 7 - 77 Aug 1644
20 26 29 32 46 8 - 77 Aug 1645
16 21 29 36 40 23 - 77 Aug 1646
3 8 19 22 46 27 - 77 Aug 1647
5 7 32 40 46 16 - 77 Aug 1648
4 14 15 24 37 8 - 77 Aug 1649
14 34 36 42 44 23 - 77 Aug 1650
29 33 37 46 47 7 - 77 Aug 1651
7 20 42 44 46 12 - 77 Aug 1652
4 19 24 33 46 1 - 77 Aug 1653
7 12 16 22 38 14 - 77 Aug 1654
17 20 22 42 46 20 - 77 Aug 1655
22 24 28 41 46 12 - 77 Aug 1656
6 10 19 22 42 23 - 77 Aug 1657
2 5 15 18 41 17 - 77 Aug 1658
1 12 18 21 37 1 - 77 Aug 1659
19 23 26 29 35 25 - 77 Aug 1660
2 11 21 35 38 21 - 77 Aug 1661
27 30 39 44 47 1 - 77 Aug 1662
9 17 19 27 42 11 - 77 Aug 1663
12 21 29 33 38 6 - 77 Aug 1664
7 32 34 36 37 5 - 77 Aug 1665
12 16 22 31 33 17 - 77 Aug 1666
12 24 27 30 46 9 - 77 Aug 1667
2 4 5 26 43 22 - 77 Aug 1668
5 7 25 31 43 8 - 77 Aug 1669
7 18 26 37 47 24 - 77 Aug 1670
2 17 33 35 39 14 - 77 Aug 1671
1 4 11 15 21 3 - 77 Aug 1672
4 15 38 39 42 5 - 77 Aug 1673
18 26 29 31 45 7 - 77 Aug 1674
12 14 16 25 43 26 - 77 Aug 1675
19 27 33 37 41 24 - 77 Aug 1676
15 19 21 35 37 4 - 77 Aug 1677
4 21 25 36 46 4 - 77 Aug 1678
15 23 31 40 44 16 - 77 Aug 1679
5 15 16 21 43 8 - 77 Aug 1680
9 14 18 20 28 26 - 77 Aug 1681
16 24 37 42 45 16 - 77 Aug 1682
1 2 4 13 18 1 - 77 Aug 1683
10 13 14 16 32 15 - 77 Aug 1684
6 12 20 25 35 11 - 77 Aug 1685
28 31 32 38 40 17 - 77 Aug 1686
1 18 20 23 41 22 - 77 Aug 1687
22 25 30 39 47 8 - 77 Aug 1688
1 15 17 32 33 10 - 77 Aug 1689
16 21 26 29 38 21 - 77 Aug 1690
2 10 19 34 45 11 - 77 Aug 1691
5 14 21 32 37 5 - 77 Aug 1692
12 14 25 27 28 14 - 77 Aug 1693
3 10 15 16 37 18 - 77 Aug 1694
3 10 13 22 32 17 - 77 Aug 1695
11 12 16 29 34 1 - 77 Aug 1696
1 3 11 26 44 16 - 77 Aug 1697
5 8 22 30 38 7 - 77 Aug 1698
21 24 25 39 42 14 - 77 Aug 1699
3 9 12 22 23 14 - 77 Aug 1700
7 10 22 31 36 26 - 77 Aug 1701
5 22 28 44 45 2 - 77 Aug 1702
10 26 29 34 44 17 - 77 Aug 1703
21 30 35 41 43 13 - 77 Aug 1704
5 16 26 45 46 11 - 77 Aug 1705
29 32 34 38 43 15 - 77 Aug 1706
2 8 17 30 31 9 - 77 Aug 1707
2 3 18 25 33 12 - 77 Aug 1708
10 11 26 28 36 18 - 77 Aug 1709
6 7 14 43 44 19 - 77 Aug 1710
18 24 25 29 39 1 - 77 Aug 1711
6 14 15 19 47 11 - 77 Aug 1712
19 25 33 38 39 12 - 77 Aug 1713
8 23 24 33 46 19 - 77 Aug 1714
5 14 15 22 24 24 - 77 Aug 1715
6 11 14 31 47 8 - 77 Aug 1716
15 21 25 32 40 23 - 77 Aug 1717
2 19 32 43 45 7 - 77 Aug 1718
6 21 26 28 39 25 - 77 Aug 1719
3 14 18 24 44 16 - 77 Aug 1720
2 4 33 45 47 18 - 77 Aug 1721
10 12 13 24 27 2 - 77 Aug 1722
15 25 36 41 45 17 - 77 Aug 1723
11 16 21 24 41 9 - 77 Aug 1724
4 8 18 19 28 5 - 77 Aug 1725
16 23 33 35 40 13 - 77 Aug 1726
2 3 7 22 36 8 - 77 Aug 1727
3 10 13 16 36 8 - 77 Aug 1728
5 13 15 18 29 9 - 77 Aug 1729
4 5 7 26 33 21 - 77 Aug 1730
14 23 27 36 42 5 - 77 Aug 1731
10 11 13 14 34 12 - 77 Aug 1732
9 17 19 26 28 27 - 77 Aug 1733
13 17 20 28 32 12 - 77 Aug 1734
9 11 24 37 47 10 - 77 Aug 1735
9 12 13 27 29 27 - 77 Aug 1736
8 17 22 31 42 3 - 77 Aug 1737
18 23 26 35 42 22 - 77 Aug 1738
6 13 34 35 41 4 - 77 Aug 1739
2 8 26 29 31 25 - 77 Aug 1740
15 19 28 33 39 22 - 77 Aug 1741
2 11 13 29 37 3 - 77 Aug 1742
5 6 21 31 35 18 - 77 Aug 1743
7 16 32 35 38 21 - 77 Aug 1744
6 10 19 31 41 9 - 77 Aug 1745
6 11 24 39 44 17 - 77 Aug 1746
11 15 21 26 39 11 - 77 Aug 1747
14 25 27 35 43 4 - 77 Aug 1748
10 11 17 30 44 12 - 77 Aug 1749
10 14 22 24 38 21 - 77 Aug 1750
2 4 14 30 41 2 - 77 Aug 1751
17 18 21 22 41 23 - 77 Aug 1752
2 7 22 29 42 14 - 77 Aug 1753
6 16 17 30 41 22 - 77 Aug 1754
10 11 22 25 41 21 - 77 Aug 1755
10 15 20 21 30 11 - 77 Aug 1756
4 27 28 31 32 7 - 77 Aug 1757
8 15 18 32 44 9 - 77 Aug 1758
6 24 28 33 42 20 - 77 Aug 1759
4 12 19 36 40 24 - 77 Aug 1760
2 8 22 25 36 9 - 77 Aug 1761
5 11 26 27 42 24 - 77 Aug 1762
10 16 24 27 33 20 - 77 Aug 1763
10 19 26 32 44 8 - 77 Aug 1764
8 16 18 22 42 13 - 77 Aug 1765
12 16 22 35 42 6 - 77 Aug 1766
7 17 32 33 43 13 - 77 Aug 1767
20 21 25 30 41 3 - 77 Aug 1768
4 5 16 21 45 5 - 77 Aug 1769
4 8 27 43 44 9 - 77 Aug 1770
24 26 29 30 33 13 - 77 Aug 1771
10 13 23 27 38 25 - 77 Aug 1772
1 20 28 29 44 25 - 77 Aug 1773
3 21 32 33 46 14 - 77 Aug 1774
27 30 34 35 38 20 - 77 Aug 1775
1 3 4 10 43 11 - 77 Aug 1776
20 27 38 43 44 19 - 77 Aug 1777
12 20 24 35 41 16 - 77 Aug 1778
16 23 40 44 47 19 - 77 Aug 1779
3 16 23 32 47 2 - 77 Aug 1780
5 12 17 39 44 14 - 77 Aug 1781
1 31 36 40 41 12 - 77 Aug 1782
12 22 40 42 44 25 - 77 Aug 1783
17 30 39 42 47 10 - 77 Aug 1784
14 26 31 34 45 10 - 77 Aug 1785
5 16 26 27 47 10 - 77 Aug 1786
1 7 17 23 26 19 - 77 Aug 1787
4 18 24 29 33 26 - 77 Aug 1788
9 14 37 41 47 26 - 77 Aug 1789
18 21 35 39 46 15 - 77 Aug 1790
3 15 18 21 43 27 - 77 Aug 1791
2 4 26 32 44 13 - 77 Aug 1792
5 6 12 33 45 8 - 77 Aug 1793
8 35 38 41 45 8 - 77 Aug 1794
2 9 23 28 37 12 - 77 Aug 1795
13 15 21 33 36 26 - 77 Aug 1796
16 17 33 34 39 4 - 77 Aug 1797
12 15 36 41 44 26 - 77 Aug 1798
20 21 27 40 41 15 - 77 Aug 1799
3 5 6 14 44 1 - 77 Aug 1800
30 34 38 39 42 11 - 77 Aug 1801
10 18 24 27 43 10 - 77 Aug 1802
11 28 31 32 40 25 - 77 Aug 1803
9 16 20 29 36 22 - 77 Aug 1804
23 25 26 27 46 7 - 77 Aug 1805
3 6 10 25 36 10 - 77 Aug 1806
26 27 34 43 47 12 - 77 Aug 1807
7 19 20 25 28 4 - 77 Aug 1808
15 17 34 37 39 24 - 77 Aug 1809
7 23 31 38 41 3 - 77 Aug 1810
14 17 31 38 47 12 - 77 Aug 1811
2 13 18 25 39 25 - 77 Aug 1812
1 2 16 25 30 9 - 77 Aug 1813
22 25 38 40 42 16 - 77 Aug 1814
6 10 12 30 46 8 - 77 Aug 1815
20 25 29 46 47 2 - 77 Aug 1816
8 11 15 24 46 2 - 77 Aug 1817
14 22 35 40 43 10 - 77 Aug 1818
12 16 36 37 46 20 - 77 Aug 1819
4 21 33 43 47 9 - 77 Aug 1820
15 23 34 40 44 10 - 77 Aug 1821
16 24 36 39 47 1 - 77 Aug 1822
10 12 14 16 31 21 - 77 Aug 1823
2 19 31 35 36 8 - 77 Aug 1824
9 24 31 39 41 10 - 77 Aug 1825
4 7 8 13 38 8 - 77 Aug 1826
1 3 32 41 42 27 - 77 Aug 1827
3 16 19 27 41 8 - 77 Aug 1828
9 27 34 40 44 5 - 77 Aug 1829
1 8 11 25 32 24 - 77 Aug 1830
4 19 29 38 39 18 - 77 Aug 1831
8 19 20 39 45 2 - 77 Aug 1832
1 17 19 20 21 26 - 77 Aug 1833
1 17 23 29 41 12 - 77 Aug 1834
11 14 26 46 47 17 - 77 Aug 1835
7 8 12 14 37 8 - 77 Aug 1836
2 5 13 34 46 18 - 77 Aug 1837
11 19 31 36 40 17 - 77 Aug 1838
2 14 25 26 27 6 - 77 Aug 1839
8 14 20 37 42 17 - 77 Aug 1840
4 8 29 35 45 2 - 77 Aug 1841
4 8 17 19 44 19 - 77 Aug 1842
2 7 17 40 45 9 - 77 Aug 1843
4 24 26 35 36 21 - 77 Aug 1844
2 18 24 34 40 18 - 77 Aug 1845
15 24 25 31 38 2 - 77 Aug 1846
21 24 40 46 47 14 - 77 Aug 1847
10 15 20 21 24 23 - 77 Aug 1848
14 16 31 34 40 5 - 77 Aug 1849
15 18 27 35 38 6 - 77 Aug 1850
7 26 32 39 40 1 - 77 Aug 1851
4 15 26 27 44 22 - 77 Aug 1852
6 8 28 35 38 9 - 77 Aug 1853
7 20 32 42 43 4 - 77 Aug 1854
2 3 11 33 34 10 - 77 Aug 1855
16 19 32 33 44 26 - 77 Aug 1856
14 17 30 32 38 5 - 77 Aug 1857
9 16 23 32 34 11 - 77 Aug 1858
6 11 22 39 46 8 - 77 Aug 1859
23 24 25 32 41 24 - 77 Aug 1860
8 10 13 23 39 2 - 77 Aug 1861
6 10 11 16 33 10 - 77 Aug 1862
9 12 20 35 36 9 - 77 Aug 1863
3 15 23 28 41 24 - 77 Aug 1864
13 20 28 30 35 11 - 77 Aug 1865
4 15 26 32 36 4 - 77 Aug 1866
12 14 20 22 44 18 - 77 Aug 1867
6 9 11 18 36 6 - 77 Aug 1868
6 19 29 31 35 4 - 77 Aug 1869
3 5 11 16 32 22 - 77 Aug 1870
4 10 19 28 47 19 - 77 Aug 1871
14 19 36 38 39 2 - 77 Aug 1872
1 17 29 31 35 5 - 77 Aug 1873
2 33 40 41 46 16 - 77 Aug 1874
6 12 17 20 41 17 - 77 Aug 1875
15 18 24 32 36 16 - 77 Aug 1876
1 4 10 29 43 9 - 77 Aug 1877
18 34 36 46 47 13 - 77 Aug 1878
13 14 41 43 45 22 - 77 Aug 1879
4 7 18 38 43 7 - 77 Aug 1880
2 4 7 12 32 14 - 77 Aug 1881
10 26 29 33 41 20 - 77 Aug 1882
14 15 31 35 44 1 - 77 Aug 1883
6 10 12 18 45 13 - 77 Aug 1884
13 16 17 26 33 6 - 77 Aug 1885
7 15 17 22 42 16 - 77 Aug 1886
8 14 30 34 43 2 - 77 Aug 1887
2 11 22 28 35 22 - 77 Aug 1888
4 7 20 25 47 12 - 77 Aug 1889
24 30 35 39 41 13 - 77 Aug 1890
1 22 26 44 47 5 - 77 Aug 1891
5 23 24 27 43 16 - 77 Aug 1892
19 24 34 44 47 23 - 77 Aug 1893
6 17 35 43 45 25 - 77 Aug 1894
13 16 18 39 42 3 - 77 Aug 1895
4 14 19 27 46 7 - 77 Aug 1896
18 19 23 39 43 9 - 77 Aug 1897
23 29 33 38 44 5 - 77 Aug 1898
10 16 18 27 36 13 - 77 Aug 1899
22 25 30 32 34 16 - 77 Aug 1900
2 12 13 23 44 9 - 77 Aug 1901
5 26 31 33 41 1 - 77 Aug 1902
7 16 19 24 45 4 - 77 Aug 1903
7 28 32 42 45 2 - 77 Aug 1904
31 33 38 42 45 25 - 77 Aug 1905
2 11 33 36 40 14 - 77 Aug 1906
5 11 42 43 45 17 - 77 Aug 1907
1 21 41 42 47 14 - 77 Aug 1908
11 17 27 36 39 1 - 77 Aug 1909
7 11 15 17 32 5 - 77 Aug 1910
3 14 18 20 46 10 - 77 Aug 1911
11 12 39 43 45 24 - 77 Aug 1912
7 15 16 30 33 14 - 77 Aug 1913
7 27 36 46 47 12 - 77 Aug 1914
6 10 11 32 39 12 - 77 Aug 1915
11 26 34 37 46 13 - 77 Aug 1916
8 12 24 25 39 19 - 77 Aug 1917
3 9 21 23 36 25 - 77 Aug 1918
3 9 10 36 40 9 - 77 Aug 1919
3 7 13 15 38 12 - 77 Aug 1920
12 17 18 19 41 21 - 77 Aug 1921
6 12 23 32 40 16 - 77 Aug 1922
13 22 24 29 31 2 - 77 Aug 1923
1 6 14 40 46 3 - 77 Aug 1924
17 19 26 38 47 7 - 77 Aug 1925
1 5 8 13 29 8 - 77 Aug 1926
1 9 12 20 23 14 - 77 Aug 1927
2 9 14 31 43 26 - 77 Aug 1928
9 12 13 36 37 14 - 77 Aug 1929
5 7 19 37 45 2 - 77 Aug 1930
3 4 5 32 39 8 - 77 Aug 1931
10 13 27 35 47 2 - 77 Aug 1932
14 20 30 36 46 17 - 77 Aug 1933
1 2 9 39 40 6 - 77 Aug 1934
4 15 27 40 42 25 - 77 Aug 1935
8 11 19 29 35 22 - 77 Aug 1936
22 29 36 40 43 14 - 77 Aug 1937
5 8 20 31 33 27 - 77 Aug 1938
4 17 23 25 33 14 - 77 Aug 1939
21 31 32 38 43 3 - 77 Aug 1940
6 12 15 38 41 10 - 77 Aug 1941
25 33 35 41 44 21 - 77 Aug 1942
3 15 22 30 38 13 - 77 Aug 1943
2 7 9 29 35 4 - 77 Aug 1944
11 17 32 33 43 2 - 77 Aug 1945
2 9 13 21 29 16 - 77 Aug 1946
5 16 24 30 38 2 - 77 Aug 1947
8 18 33 39 45 26 - 77 Aug 1948
10 19 21 22 28 15 - 77 Aug 1949
9 22 31 38 47 7 - 77 Aug 1950
2 10 11 30 43 23 - 77 Aug 1951
14 20 35 41 47 24 - 77 Aug 1952
5 20 24 26 44 10 - 77 Aug 1953
10 22 27 28 34 7 - 77 Aug 1954
2 5 6 20 42 12 - 77 Aug 1955
22 34 39 42 47 2 - 77 Aug 1956
1 10 15 18 33 17 - 77 Aug 1957
2 10 15 18 21 16 - 77 Aug 1958
3 4 36 38 42 12 - 77 Aug 1959
11 12 16 17 20 17 - 77 Aug 1960
4 12 17 33 39 8 - 77 Aug 1961
9 24 33 34 41 3 - 77 Aug 1962
1 2 31 44 47 2 - 77 Aug 1963
2 7 14 32 34 12 - 77 Aug 1964
9 24 40 42 46 24 - 77 Aug 1965
2 18 26 28 30 2 - 77 Aug 1966
10 23 31 42 47 19 - 77 Aug 1967
3 10 24 32 41 20 - 77 Aug 1968
11 14 24 42 44 5 - 77 Aug 1969
9 10 13 29 36 5 - 77 Aug 1970
6 10 23 40 46 2 - 77 Aug 1971
1 8 22 31 43 27 - 77 Aug 1972
3 6 10 21 33 22 - 77 Aug 1973
5 29 30 34 37 18 - 77 Aug 1974
2 28 30 33 41 21 - 77 Aug 1975
6 22 24 25 46 3 - 77 Aug 1976
9 26 32 33 35 4 - 77 Aug 1977
2 39 43 44 45 14 - 77 Aug 1978
9 19 25 42 44 13 - 77 Aug 1979
31 41 45 46 47 16 - 77 Aug 1980
3 20 36 41 45 15 - 77 Aug 1981
3 6 22 35 38 11 - 77 Aug 1982
5 16 27 41 45 26 - 77 Aug 1983
9 21 30 37 45 2 - 77 Aug 1984
5 14 17 23 35 9 - 77 Aug 1985
7 13 27 28 30 9 - 77 Aug 1986
19 23 26 27 44 9 - 77 Aug 1987
22 23 38 40 47 10 - 77 Aug 1988
9 17 23 26 35 19 - 77 Aug 1989
1 7 24 34 38 6 - 77 Aug 1990
1 18 22 24 36 10 - 77 Aug 1991
35 36 43 45 46 27 - 77 Aug 1992
6 20 23 32 35 20 - 77 Aug 1993
3 19 20 31 45 12 - 77 Aug 1994
2 8 20 30 40 4 - 77 Aug 1995
11 15 27 41 42 19 - 77 Aug 1996
3 24 26 41 44 25 - 77 Aug 1997
4 6 15 40 41 10 - 77 Aug 1998
13 15 16 39 43 25 - 77 Aug 1999
11 17 19 31 36 12 - 77 Aug 2000
1 6 25 27 35 4 - 77 Aug 2001
6 11 26 31 41 3 - 77 Aug 2002
1 4 13 15 40 1 - 77 Aug 2003
4 12 16 34 41 9 - 77 Aug 2004
1 18 21 37 47 23 - 77 Aug 2005
3 6 23 41 44 23 - 77 Aug 2006
5 23 25 40 44 24 - 77 Aug 2007
6 17 22 24 29 25 - 77 Aug 2008
4 7 13 15 35 14 - 77 Aug 2009
25 35 36 39 44 22 - 77 Aug 2010
6 23 26 27 47 7 - 77 Aug 2011
4 7 20 29 39 15 - 77 Aug 2012
3 17 28 32 42 4 - 99 Aug 2013
15 20 33 40 45 5 - 99 Aug 2014
5 7 13 30 43 24 - 99 Aug 2015
25 26 30 37 38 23 - 26 Aug 2026
2 6 7 35 44 13 - 29 Aug 26
